Date,Ranking,StockCode,StockName,Side,Position,BrokerName,BrokerID,BranchID,Buy,Sell,Net,SharePercent
20260102,1,2344,華邦電,Buy,1,美商高盛,1480,1480,25104,8085,17019,4.1
20260102,1,2344,華邦電,Buy,2,凱基-台北,9200,9268,34433,20699,13734,3.31
20260102,1,2344,華邦電,Buy,3,新加坡商瑞銀,1650,1650,23817,10469,13348,3.22
20260102,1,2344,華邦電,Buy,4,元大證券,9800,9800,55824,44611,11213,2.7
20260102,1,2344,華邦電,Buy,5,統一,5850,5850,14807,5820,8987,2.17
20260102,1,2344,華邦電,Buy,6,富邦-新店,9600,9661,16547,9168,7379,1.78
20260102,1,2344,華邦電,Buy,7,港商野村,1560,1560,6920,49,6871,1.66
20260102,1,2344,華邦電,Buy,8,美林,1440,1440,6787,232,6555,1.58
20260102,1,2344,華邦電,Buy,9,摩根大通,8440,8440,10037,3934,6103,1.47
20260102,1,2344,華邦電,Buy,10,凱基-城中,9200,9227,5856,586,5270,1.27
20260102,1,2344,華邦電,Buy,11,國泰證券,8880,8880,4697,375,4322,1.04
20260102,1,2344,華邦電,Buy,12,國票-敦北法人,7790,0037003700390063,5337,2107,3230,0.78
20260102,1,2344,華邦電,Buy,13,台灣摩根士丹利,1470,1470,4512,1521,2991,0.72
20260102,1,2344,華邦電,Buy,14,富邦證券,9600,9600,11150,8437,2713,0.65
20260102,1,2344,華邦電,Buy,15,大和國泰,8890,8890,2042,0,2042,0.49
20260102,1,2344,華邦電,Sell,1,國泰-敦南,8880,8888,8073,12694,4621,1.11
20260102,1,2344,華邦電,Sell,2,康和,8450,8450,5120,7206,2086,0.5
20260102,1,2344,華邦電,Sell,3,元大-員林,9800,9889,185,1667,1482,0.36
20260102,1,2344,華邦電,Sell,4,群益金鼎-台南,9100,9185,123,1587,1464,0.35
20260102,1,2344,華邦電,Sell,5,新光,8560,8560,2474,3863,1389,0.33
20260102,1,2344,華邦電,Sell,6,富邦-板橋,9600,9655,499,1749,1250,0.3
20260102,1,2344,華邦電,Sell,7,華南永昌,9300,9300,1059,2182,1123,0.27
20260102,1,2344,華邦電,Sell,8,國泰-台中,8880,8882,1722,2837,1115,0.27
20260102,1,2344,華邦電,Sell,9,兆豐-忠孝,7000,0037003000300061,78,1037,959,0.23
20260102,1,2344,華邦電,Sell,10,美好-富順,5260,003500320036004b,570,1470,900,0.22
20260102,1,2344,華邦電,Sell,11,台新-台中,9B00,0039004200310068,729,1552,823,0.2
20260102,1,2344,華邦電,Sell,12,國泰-板橋,8880,003800380038004b,1394,2164,770,0.19
20260102,1,2344,華邦電,Sell,13,合庫-高雄,1020,1023,185,944,759,0.18
20260102,1,2344,華邦電,Sell,14,台新-高雄,9B00,0039004200310067,758,1507,749,0.18
20260102,1,2344,華邦電,Sell,15,國泰-高雄,8880,8881,795,1535,740,0.18
20260102,2,6770,力積電,Buy,1,美商高盛,1480,1480,40394,10507,29887,8.47
20260102,2,6770,力積電,Buy,2,新加坡商瑞銀,1650,1650,33425,11101,22324,6.33
20260102,2,6770,力積電,Buy,3,摩根大通,8440,8440,18750,1837,16913,4.79
20260102,2,6770,力積電,Buy,4,台灣摩根士丹利,1470,1470,11447,1956,9491,2.69
20260102,2,6770,力積電,Buy,5,凱基-台北,9200,9268,22024,12569,9455,2.68
20260102,2,6770,力積電,Buy,6,港商野村,1560,1560,6325,0,6325,1.79
20260102,2,6770,力積電,Buy,7,美林,1440,1440,4959,629,4330,1.23
20260102,2,6770,力積電,Buy,8,永豐金證券,9A00,0039004100300030,4775,2742,2033,0.58
20260102,2,6770,力積電,Buy,9,統一,5850,5850,2256,623,1633,0.46
20260102,2,6770,力積電,Buy,10,台新-文心,9B00,003900420032007a,1969,389,1580,0.45
20260102,2,6770,力積電,Buy,11,元大證券,9800,9800,18680,17123,1557,0.44
20260102,2,6770,力積電,Buy,12,台新-營業部,9B00,0039004200310037,3868,2370,1498,0.42
20260102,2,6770,力積電,Buy,13,國票-南崁,7790,0037003700390045,1691,494,1197,0.34
20260102,2,6770,力積電,Buy,14,台新-松江,9B00,0039004200310035,1340,149,1191,0.34
20260102,2,6770,力積電,Buy,15,玉山證券,8840,8840,1890,882,1008,0.29
20260102,2,6770,力積電,Sell,1,國泰-敦南,8880,8888,6654,11541,4887,1.38
20260102,2,6770,力積電,Sell,2,富邦-永和,9600,9654,274,3198,2924,0.83
20260102,2,6770,力積電,Sell,3,富邦證券,9600,9600,2076,4741,2665,0.76
20260102,2,6770,力積電,Sell,4,台新-台北,9B00,0039004200320030,1146,3508,2362,0.67
20260102,2,6770,力積電,Sell,5,元大-大同,9800,0039003800390047,185,1686,1501,0.43
20260102,2,6770,力積電,Sell,6,富邦-建國,9600,9658,410,1687,1277,0.36
20260102,2,6770,力積電,Sell,7,國泰-台中,8880,8882,1428,2656,1228,0.35
20260102,2,6770,力積電,Sell,8,國票-中和,7790,0037003700390058,329,1481,1152,0.33
20260102,2,6770,力積電,Sell,9,美好-富順,5260,003500320036004b,119,1229,1110,0.31
20260102,2,6770,力積電,Sell,10,新光,8560,8560,2305,3370,1065,0.3
20260102,2,6770,力積電,Sell,11,台新-左楠,9B00,0039004200310064,249,1101,852,0.24
20260102,2,6770,力積電,Sell,12,國泰-板橋,8880,003800380038004b,1255,2056,801,0.23
20260102,2,6770,力積電,Sell,13,永豐金-市政,9A00,0039004100390057,696,1492,796,0.23
20260102,2,6770,力積電,Sell,14,元大-中壢,9800,9834,936,1665,729,0.21
20260102,2,6770,力積電,Sell,15,台新-台南,9B00,0039004200310036,499,1203,704,0.2
20260102,3,2337,旺宏,Buy,1,國票-敦北法人,7790,0037003700390063,13109,46,13063,7.6
20260102,3,2337,旺宏,Buy,2,凱基-台北,9200,9268,18352,6035,12317,7.17
20260102,3,2337,旺宏,Buy,3,統一,5850,5850,14156,2797,11359,6.61
20260102,3,2337,旺宏,Buy,4,國票-安和,7790,003700370039005a,10650,317,10333,6.01
20260102,3,2337,旺宏,Buy,5,統一-城中,5850,5854,8580,40,8540,4.97
20260102,3,2337,旺宏,Buy,6,富邦證券,9600,9600,8554,854,7700,4.48
20260102,3,2337,旺宏,Buy,7,凱基-城中,9200,9227,6772,128,6644,3.87
20260102,3,2337,旺宏,Buy,8,新加坡商瑞銀,1650,1650,8333,2171,6162,3.59
20260102,3,2337,旺宏,Buy,9,美商高盛,1480,1480,7027,1849,5178,3.01
20260102,3,2337,旺宏,Buy,10,港商野村,1560,1560,4490,44,4446,2.59
20260102,3,2337,旺宏,Buy,11,美林,1440,1440,4206,0,4206,2.45
20260102,3,2337,旺宏,Buy,12,摩根大通,8440,8440,3081,417,2664,1.55
20260102,3,2337,旺宏,Buy,13,台灣摩根士丹利,1470,1470,2229,284,1945,1.13
20260102,3,2337,旺宏,Buy,14,玉山證券,8840,8840,1674,473,1201,0.7
20260102,3,2337,旺宏,Buy,15,國泰證券,8880,8880,1697,646,1051,0.61
20260102,3,2337,旺宏,Sell,1,國泰-敦南,8880,8888,2071,5186,3115,1.81
20260102,3,2337,旺宏,Sell,2,永豐金-市政,9A00,0039004100390057,102,1385,1283,0.75
20260102,3,2337,旺宏,Sell,3,台新-營業部,9B00,0039004200310037,1090,2283,1193,0.69
20260102,3,2337,旺宏,Sell,4,美好-中壢,5260,5266,7,1076,1069,0.62
20260102,3,2337,旺宏,Sell,5,國泰-台中,8880,8882,390,1269,879,0.51
20260102,3,2337,旺宏,Sell,6,富邦-台北,9600,9623,124,925,801,0.47
20260102,3,2337,旺宏,Sell,7,國泰-忠孝,8880,8887,33,785,752,0.44
20260102,3,2337,旺宏,Sell,8,凱基-板橋,9200,0039003200300041,18,741,723,0.42
20260102,3,2337,旺宏,Sell,9,永豐金證券,9A00,0039004100300030,1238,1943,705,0.41
20260102,3,2337,旺宏,Sell,10,國泰-板橋,8880,003800380038004b,333,1033,700,0.41
20260102,3,2337,旺宏,Sell,11,新光,8560,8560,1120,1782,662,0.39
20260102,3,2337,旺宏,Sell,12,兆豐-鹿港,7000,0037003000300066,28,679,651,0.38
20260102,3,2337,旺宏,Sell,13,新光-台中,8560,8561,454,1074,620,0.36
20260102,3,2337,旺宏,Sell,14,合庫-台中,1020,1021,66,670,604,0.35
20260102,3,2337,旺宏,Sell,15,國泰-館前,8880,0038003800380041,126,692,566,0.33
20260102,4,3481,群創,Buy,1,新加坡商瑞銀,1650,1650,53655,32213,21442,2.72
20260102,4,3481,群創,Buy,2,台灣摩根士丹利,1470,1470,21752,8537,13215,1.68
20260102,4,3481,群創,Buy,3,美林,1440,1440,18818,7803,11015,1.4
20260102,4,3481,群創,Buy,4,摩根大通,8440,8440,18959,8907,10052,1.28
20260102,4,3481,群創,Buy,5,富邦證券,9600,9600,15606,7254,8352,1.06
20260102,4,3481,群創,Buy,6,永豐金證券,9A00,0039004100300030,11160,5336,5824,0.74
20260102,4,3481,群創,Buy,7,美商高盛,1480,1480,40351,35543,4808,0.61
20260102,4,3481,群創,Buy,8,新光-新竹,8560,8563,4302,1591,2711,0.34
20260102,4,3481,群創,Buy,9,港商野村,1560,1560,4277,1715,2562,0.33
20260102,4,3481,群創,Buy,10,凱基,9200,9200,1856,183,1673,0.21
20260102,4,3481,群創,Buy,11,統一,5850,5850,4649,3119,1530,0.19
20260102,4,3481,群創,Buy,12,群益金鼎,9100,9100,2018,559,1459,0.19
20260102,4,3481,群創,Buy,13,凱基-中壢,9200,9285,1710,468,1242,0.16
20260102,4,3481,群創,Buy,14,美好-苗栗,5260,5265,1300,125,1175,0.15
20260102,4,3481,群創,Buy,15,台新-五權西,9B00,0039004200320035,1825,747,1078,0.14
20260102,4,3481,群創,Sell,1,大和國泰,8890,8890,0,6500,6500,0.82
20260102,4,3481,群創,Sell,2,美好-蘆洲,5260,5261,808,5758,4950,0.63
20260102,4,3481,群創,Sell,3,元大證券,9800,9800,74479,78416,3937,0.5
20260102,4,3481,群創,Sell,4,元大-博愛,9800,0039003800320042,815,4043,3228,0.41
20260102,4,3481,群創,Sell,5,元大-台南,9800,9896,870,3359,2489,0.32
20260102,4,3481,群創,Sell,6,台新-府城,9B00,0039004200320039,94,2556,2462,0.31
20260102,4,3481,群創,Sell,7,第一金-路竹,5380,0035003300380050,745,2633,1888,0.24
20260102,4,3481,群創,Sell,8,花旗環球,1590,1590,2169,4051,1882,0.24
20260102,4,3481,群創,Sell,9,元大-雙和,9800,9874,582,2373,1791,0.23
20260102,4,3481,群創,Sell,10,富邦-建國,9600,9658,1422,3157,1735,0.22
20260102,4,3481,群創,Sell,11,台新-營業部,9B00,0039004200310037,6029,7738,1709,0.22
20260102,4,3481,群創,Sell,12,新光,8560,8560,5281,6953,1672,0.21
20260102,4,3481,群創,Sell,13,宏遠-館前,1260,0031003200360055,142,1780,1638,0.21
20260102,4,3481,群創,Sell,14,中國信託-永康,6160,6163,636,2042,1406,0.18
20260102,4,3481,群創,Sell,15,統一-敦南,5850,5852,1449,2739,1290,0.16
20260102,5,00878,國泰永續高股息,Buy,1,元大證券,9800,9800,14627,227,14400,18.49
20260102,5,00878,國泰永續高股息,Buy,2,富邦證券,9600,9600,11820,43,11777,15.12
20260102,5,00878,國泰永續高股息,Buy,3,凱基-台北,9200,9268,10486,574,9912,12.73
20260102,5,00878,國泰永續高股息,Buy,4,群益金鼎,9100,9100,7565,571,6994,8.98
20260102,5,00878,國泰永續高股息,Buy,5,台新-台北,9B00,0039004200320030,6858,52,6806,8.74
20260102,5,00878,國泰永續高股息,Buy,6,中國信託,6160,6160,6764,932,5832,7.49
20260102,5,00878,國泰永續高股息,Buy,7,永豐金證券,9A00,0039004100300030,3662,1144,2518,3.23
20260102,5,00878,國泰永續高股息,Buy,8,台新-營業部,9B00,0039004200310037,2362,793,1569,2.01
20260102,5,00878,國泰永續高股息,Buy,9,國泰證券,8880,8880,1506,68,1438,1.85
20260102,5,00878,國泰永續高股息,Buy,10,國票證券,7790,7790,1207,121,1086,1.39
20260102,5,00878,國泰永續高股息,Buy,11,凱基,9200,9200,148,1,147,0.19
20260102,5,00878,國泰永續高股息,Buy,12,玉山-城中,8840,0038003800340045,139,47,92,0.12
20260102,5,00878,國泰永續高股息,Buy,13,元大-民生三民,9800,0039003800390058,91,15,76,0.1
20260102,5,00878,國泰永續高股息,Buy,14,統一,5850,5850,106,31,75,0.1
20260102,5,00878,國泰永續高股息,Buy,15,華南永昌-中正,9300,9359,46,3,43,0.06
20260102,5,00878,國泰永續高股息,Sell,1,國泰-敦南,8880,8888,722,6083,5361,6.88
20260102,5,00878,國泰永續高股息,Sell,2,國泰-館前,8880,0038003800380041,103,1587,1484,1.91
20260102,5,00878,國泰永續高股息,Sell,3,國泰-板橋,8880,003800380038004b,90,1091,1001,1.29
20260102,5,00878,國泰永續高股息,Sell,4,國泰-桃園,8880,8885,143,958,815,1.05
20260102,5,00878,國泰永續高股息,Sell,5,國泰-台中,8880,8882,85,874,789,1.01
20260102,5,00878,國泰永續高股息,Sell,6,元大-南崁,9800,0039003800300051,5,736,731,0.94
20260102,5,00878,國泰永續高股息,Sell,7,國泰-高雄,8880,8881,46,663,617,0.79
20260102,5,00878,國泰永續高股息,Sell,8,元大-佳里,9800,0039003800310065,2,557,555,0.71
20260102,5,00878,國泰永續高股息,Sell,9,新光-新竹,8560,8563,20,566,546,0.7
20260102,5,00878,國泰永續高股息,Sell,10,臺銀-臺中,1040,0031003000340041,37,562,525,0.67
20260102,5,00878,國泰永續高股息,Sell,11,新光,8560,8560,179,687,508,0.65
20260102,5,00878,國泰永續高股息,Sell,12,玉山證券,8840,8840,20,488,468,0.6
20260102,5,00878,國泰永續高股息,Sell,13,中國信託-忠孝,6160,6162,32,484,452,0.58
20260102,5,00878,國泰永續高股息,Sell,14,國泰-新莊,8880,8886,45,475,430,0.55
20260102,5,00878,國泰永續高股息,Sell,15,元大-中壢,9800,9834,35,441,406,0.52
20260102,6,3231,緯創,Buy,1,美商高盛,1480,1480,17675,5309,12366,13.46
20260102,6,3231,緯創,Buy,2,新加坡商瑞銀,1650,1650,13103,2925,10178,11.08
20260102,6,3231,緯創,Buy,3,元大證券,9800,9800,9136,3426,5710,6.21
20260102,6,3231,緯創,Buy,4,台灣摩根士丹利,1470,1470,4794,291,4503,4.9
20260102,6,3231,緯創,Buy,5,摩根大通,8440,8440,3427,299,3128,3.4
20260102,6,3231,緯創,Buy,6,美林,1440,1440,3212,351,2861,3.11
20260102,6,3231,緯創,Buy,7,台新-營業部,9B00,0039004200310037,2672,838,1834,2
20260102,6,3231,緯創,Buy,8,兆豐-鹿港,7000,0037003000300066,890,69,821,0.89
20260102,6,3231,緯創,Buy,9,凱基-台北,9200,9268,5561,4890,671,0.73
20260102,6,3231,緯創,Buy,10,永豐金證券,9A00,0039004100300030,1541,942,599,0.65
20260102,6,3231,緯創,Buy,11,華南永昌-南京,9300,9326,628,71,557,0.61
20260102,6,3231,緯創,Buy,12,華南永昌,9300,9300,992,509,483,0.53
20260102,6,3231,緯創,Buy,13,台新-台北,9B00,0039004200320030,541,150,391,0.43
20260102,6,3231,緯創,Buy,14,群益金鼎,9100,9100,441,122,319,0.35
20260102,6,3231,緯創,Buy,15,永豐金-敦北,9A00,0039004100380039,576,264,312,0.34
20260102,6,3231,緯創,Sell,1,國票-南京,7790,003700370039006e,11,2016,2005,2.18
20260102,6,3231,緯創,Sell,2,凱基,9200,9200,112,1604,1492,1.62
20260102,6,3231,緯創,Sell,3,國泰-敦南,8880,8888,651,1770,1119,1.22
20260102,6,3231,緯創,Sell,4,富邦證券,9600,9600,215,1254,1039,1.13
20260102,6,3231,緯創,Sell,5,統一,5850,5850,352,1228,876,0.95
20260102,6,3231,緯創,Sell,6,富邦-新竹,9600,9647,49,641,592,0.64
20260102,6,3231,緯創,Sell,7,富邦-建國,9600,9658,182,712,530,0.58
20260102,6,3231,緯創,Sell,8,兆豐-復興,7000,0037003000300070,21,470,449,0.49
20260102,6,3231,緯創,Sell,9,新光,8560,8560,570,1003,433,0.47
20260102,6,3231,緯創,Sell,10,國票-南科,7790,0037003700390065,13,439,426,0.46
20260102,6,3231,緯創,Sell,11,中國信託,6160,6160,474,825,351,0.38
20260102,6,3231,緯創,Sell,12,國泰-台中,8880,8882,211,537,326,0.35
20260102,6,3231,緯創,Sell,13,永豐金-市政,9A00,0039004100390057,103,429,326,0.35
20260102,6,3231,緯創,Sell,14,群益金鼎-南京,9100,0039003100380045,1,296,295,0.32
20260102,6,3231,緯創,Sell,15,富邦-永和,9600,9654,45,314,269,0.29
20260102,7,2409,友達,Buy,1,美商高盛,1480,1480,38819,16095,22724,11.45
20260102,7,2409,友達,Buy,2,美林,1440,1440,8315,1620,6695,3.37
20260102,7,2409,友達,Buy,3,新加坡商瑞銀,1650,1650,14691,10938,3753,1.89
20260102,7,2409,友達,Buy,4,台灣摩根士丹利,1470,1470,6947,3900,3047,1.54
20260102,7,2409,友達,Buy,5,港商野村,1560,1560,3833,1091,2742,1.38
20260102,7,2409,友達,Buy,6,摩根大通,8440,8440,6426,4637,1789,0.9
20260102,7,2409,友達,Buy,7,富邦-新店,9600,9661,1559,299,1260,0.64
20260102,7,2409,友達,Buy,8,群益金鼎-嘉義,9100,003900310038004d,1295,394,901,0.45
20260102,7,2409,友達,Buy,9,富邦-陽明,9600,9604,1149,389,760,0.38
20260102,7,2409,友達,Buy,10,群益金鼎,9100,9100,907,195,712,0.36
20260102,7,2409,友達,Buy,11,群益金鼎-松山,9100,9103,919,315,604,0.3
20260102,7,2409,友達,Buy,12,元大-三峽,9800,0039003800310041,533,25,508,0.26
20260102,7,2409,友達,Buy,13,富邦-仁愛,9600,9676,686,188,498,0.25
20260102,7,2409,友達,Buy,14,凱基-雙和,9200,0039003200300043,557,70,487,0.25
20260102,7,2409,友達,Buy,15,元大-松江,9800,9801,566,116,450,0.23
20260102,7,2409,友達,Sell,1,美好-蘆洲,5260,5261,334,4505,4171,2.1
20260102,7,2409,友達,Sell,2,凱基-台北,9200,9268,9807,12684,2877,1.45
20260102,7,2409,友達,Sell,3,中農,8520,8520,101,2184,2083,1.05
20260102,7,2409,友達,Sell,4,華南永昌-台中,9300,9302,77,1172,1095,0.55
20260102,7,2409,友達,Sell,5,永豐金-中正,9A00,0039004100390055,144,1176,1032,0.52
20260102,7,2409,友達,Sell,6,富邦-台北,9600,9623,404,1398,994,0.5
20260102,7,2409,友達,Sell,7,兆豐-北高雄,7000,0037003000300049,73,979,906,0.46
20260102,7,2409,友達,Sell,8,(牛牛牛)亞-網路,6010,6012,21,752,731,0.37
20260102,7,2409,友達,Sell,9,永豐金-板新,9A00,003900410039004a,1393,2052,659,0.33
20260102,7,2409,友達,Sell,10,凱基-新豐,9200,9266,29,654,625,0.32
20260102,7,2409,友達,Sell,11,寶盛,5460,5460,5,620,615,0.31
20260102,7,2409,友達,Sell,12,玉山-台中,8840,0038003800340042,183,758,575,0.29
20260102,7,2409,友達,Sell,13,凱基-桃園,9200,9208,251,808,557,0.28
20260102,7,2409,友達,Sell,14,台新-台南,9B00,0039004200310036,60,540,480,0.24
20260102,7,2409,友達,Sell,15,中國信託-忠孝,6160,6162,79,547,468,0.24
20260102,8,00919,群益台灣精選高息,Buy,1,凱基-台北,9200,9268,14536,1570,12966,19.02
20260102,8,00919,群益台灣精選高息,Buy,2,美林,1440,1440,12074,0,12074,17.71
20260102,8,00919,群益台灣精選高息,Buy,3,元大證券,9800,9800,10098,3626,6472,9.49
20260102,8,00919,群益台灣精選高息,Buy,4,群益金鼎,9100,9100,5092,1187,3905,5.73
20260102,8,00919,群益台灣精選高息,Buy,5,美商高盛,1480,1480,808,0,808,1.19
20260102,8,00919,群益台灣精選高息,Buy,6,國泰證券,8880,8880,778,7,771,1.13
20260102,8,00919,群益台灣精選高息,Buy,7,富邦證券,9600,9600,544,83,461,0.68
20260102,8,00919,群益台灣精選高息,Buy,8,元大-發財,9800,0039003800310045,304,16,288,0.42
20260102,8,00919,群益台灣精選高息,Buy,9,統一,5850,5850,658,429,229,0.34
20260102,8,00919,群益台灣精選高息,Buy,10,元大-汐止,9800,0039003800390051,343,152,191,0.28
20260102,8,00919,群益台灣精選高息,Buy,11,凱基-台東,9200,003900320030005a,201,12,189,0.28
20260102,8,00919,群益台灣精選高息,Buy,12,富邦-中壢,9600,9636,318,154,164,0.24
20260102,8,00919,群益台灣精選高息,Buy,13,富邦-新店,9600,9661,247,84,163,0.24
20260102,8,00919,群益台灣精選高息,Buy,14,元大-仁愛,9800,003900380033006a,216,54,162,0.24
20260102,8,00919,群益台灣精選高息,Buy,15,康和-仁愛,8450,0038003400350046,135,0,135,0.2
20260102,8,00919,群益台灣精選高息,Sell,1,兆豐-高雄,7000,003700300030005a,7,1658,1651,2.42
20260102,8,00919,群益台灣精選高息,Sell,2,國泰-敦南,8880,8888,1313,2617,1304,1.91
20260102,8,00919,群益台灣精選高息,Sell,3,中國信託,6160,6160,212,1396,1184,1.74
20260102,8,00919,群益台灣精選高息,Sell,4,國泰-板橋,8880,003800380038004b,152,1127,975,1.43
20260102,8,00919,群益台灣精選高息,Sell,5,永豐金證券,9A00,0039004100300030,517,1368,851,1.25
20260102,8,00919,群益台灣精選高息,Sell,6,元大-頭份,9800,0039003800330055,20,711,691,1.01
20260102,8,00919,群益台灣精選高息,Sell,7,元大-南崁,9800,0039003800300051,13,559,546,0.8
20260102,8,00919,群益台灣精選高息,Sell,8,(牛牛牛)亞-網路,6010,6012,37,553,516,0.76
20260102,8,00919,群益台灣精選高息,Sell,9,富邦-竹北,9600,9624,79,535,456,0.67
20260102,8,00919,群益台灣精選高息,Sell,10,元大-長庚,9800,0039003800380056,25,433,408,0.6
20260102,8,00919,群益台灣精選高息,Sell,11,華南永昌,9300,9300,75,477,402,0.59
20260102,8,00919,群益台灣精選高息,Sell,12,凱基-鳳山,9200,9274,13,408,395,0.58
20260102,8,00919,群益台灣精選高息,Sell,13,富邦-建國,9600,9658,164,556,392,0.57
20260102,8,00919,群益台灣精選高息,Sell,14,台灣企銀-嘉義,1110,1114,10,400,390,0.57
20260102,8,00919,群益台灣精選高息,Sell,15,台新-花蓮,9B00,0039004200320079,5,385,380,0.56
20260102,9,2408,南亞科,Buy,1,國泰證券,8880,8880,8808,540,8268,5.95
20260102,9,2408,南亞科,Buy,2,新加坡商瑞銀,1650,1650,11964,4879,7085,5.1
20260102,9,2408,南亞科,Buy,3,美商高盛,1480,1480,8742,4519,4223,3.04
20260102,9,2408,南亞科,Buy,4,凱基-台北,9200,9268,8439,4894,3545,2.55
20260102,9,2408,南亞科,Buy,5,康和,8450,8450,5806,3034,2772,1.99
20260102,9,2408,南亞科,Buy,6,元大-土城永寧,9800,9875,2155,134,2021,1.45
20260102,9,2408,南亞科,Buy,7,美林,1440,1440,2403,399,2004,1.44
20260102,9,2408,南亞科,Buy,8,凱基,9200,9200,3218,1657,1561,1.12
20260102,9,2408,南亞科,Buy,9,華南永昌,9300,9300,2191,692,1499,1.08
20260102,9,2408,南亞科,Buy,10,永豐金證券,9A00,0039004100300030,2611,1342,1269,0.91
20260102,9,2408,南亞科,Buy,11,台灣摩根士丹利,1470,1470,1991,1109,882,0.63
20260102,9,2408,南亞科,Buy,12,摩根大通,8440,8440,2002,1128,874,0.63
20260102,9,2408,南亞科,Buy,13,國票-敦北法人,7790,0037003700390063,863,61,802,0.58
20260102,9,2408,南亞科,Buy,14,港商野村,1560,1560,754,227,527,0.38
20260102,9,2408,南亞科,Buy,15,宏遠證券,1260,1260,747,251,496,0.36
20260102,9,2408,南亞科,Sell,1,國泰-敦南,8880,8888,2031,3522,1491,1.07
20260102,9,2408,南亞科,Sell,2,元大證券,9800,9800,11549,12877,1328,0.96
20260102,9,2408,南亞科,Sell,3,富邦證券,9600,9600,544,1773,1229,0.88
20260102,9,2408,南亞科,Sell,4,元大-新莊,9800,9898,107,972,865,0.62
20260102,9,2408,南亞科,Sell,5,兆豐-城中,7000,0037003000300057,18,841,823,0.59
20260102,9,2408,南亞科,Sell,6,凱基-信義,9200,9216,23,577,554,0.4
20260102,9,2408,南亞科,Sell,7,元大-員林,9800,9889,79,610,531,0.38
20260102,9,2408,南亞科,Sell,8,新光,8560,8560,1169,1698,529,0.38
20260102,9,2408,南亞科,Sell,9,群益金鼎-忠孝,9100,0039003100380057,51,535,484,0.35
20260102,9,2408,南亞科,Sell,10,元大-復北,9800,9872,60,534,474,0.34
20260102,9,2408,南亞科,Sell,11,凱基-城中,9200,9227,140,550,410,0.3
20260102,9,2408,南亞科,Sell,12,富邦-新店,9600,9661,3583,3949,366,0.26
20260102,9,2408,南亞科,Sell,13,台新-營業部,9B00,0039004200310037,1072,1424,352,0.25
20260102,9,2408,南亞科,Sell,14,國泰-桃園,8880,8885,418,765,347,0.25
20260102,9,2408,南亞科,Sell,15,香港上海匯豐,8960,8960,33,371,338,0.24
20260102,10,00940,元大台灣價值高息,Buy,1,群益金鼎,9100,9100,10419,13,10406,29.32
20260102,10,00940,元大台灣價值高息,Buy,2,元大證券,9800,9800,8785,707,8078,22.76
20260102,10,00940,元大台灣價值高息,Buy,3,富邦證券,9600,9600,4028,45,3983,11.22
20260102,10,00940,元大台灣價值高息,Buy,4,台新-台北,9B00,0039004200320030,3526,35,3491,9.84
20260102,10,00940,元大台灣價值高息,Buy,5,凱基-台北,9200,9268,2241,198,2043,5.76
20260102,10,00940,元大台灣價值高息,Buy,6,永豐金證券,9A00,0039004100300030,701,298,403,1.14
20260102,10,00940,元大台灣價值高息,Buy,7,國泰-高雄,8880,8881,334,117,217,0.61
20260102,10,00940,元大台灣價值高息,Buy,8,元大-永春,9800,9852,200,26,174,0.49
20260102,10,00940,元大台灣價值高息,Buy,9,新光-高雄,8560,8562,107,22,85,0.24
20260102,10,00940,元大台灣價值高息,Buy,10,凱基-台中,9200,9204,75,4,71,0.2
20260102,10,00940,元大台灣價值高息,Buy,11,國泰證券,8880,8880,76,13,63,0.18
20260102,10,00940,元大台灣價值高息,Buy,12,元大-金華,9800,9878,56,7,49,0.14
20260102,10,00940,元大台灣價值高息,Buy,13,富邦-樹林,9600,0039003600320045,70,23,47,0.13
20260102,10,00940,元大台灣價值高息,Buy,14,富邦-竹科,9600,0039003600320043,85,42,43,0.12
20260102,10,00940,元大台灣價值高息,Buy,15,國票證券,7790,7790,34,0,34,0.1
20260102,10,00940,元大台灣價值高息,Sell,1,國泰-館前,8880,0038003800380041,2,770,768,2.16
20260102,10,00940,元大台灣價值高息,Sell,2,國泰-敦南,8880,8888,736,1481,745,2.1
20260102,10,00940,元大台灣價值高息,Sell,3,元大-大安,9800,003900380033004e,0,518,518,1.46
20260102,10,00940,元大台灣價值高息,Sell,4,致和-金華,7030,7034,1,440,439,1.24
20260102,10,00940,元大台灣價值高息,Sell,5,群益金鼎-彰化,9100,9187,0,357,357,1.01
20260102,10,00940,元大台灣價值高息,Sell,6,元大-竹北,9800,0039003800310042,10,357,347,0.98
20260102,10,00940,元大台灣價值高息,Sell,7,台新-營業部,9B00,0039004200310037,41,376,335,0.94
20260102,10,00940,元大台灣價值高息,Sell,8,兆豐-台中港,7000,7005,0,304,304,0.86
20260102,10,00940,元大台灣價值高息,Sell,9,元大-草屯,9800,0039003800390045,26,319,293,0.83
20260102,10,00940,元大台灣價值高息,Sell,10,元大-基隆孝二,9800,003900380036004b,0,277,277,0.78
20260102,10,00940,元大台灣價值高息,Sell,11,台新-大裕,9B00,003900420032006c,11,284,273,0.77
20260102,10,00940,元大台灣價值高息,Sell,12,元大-博愛,9800,0039003800320042,0,271,271,0.76
20260102,10,00940,元大台灣價值高息,Sell,13,元大-西螺,9800,0039003800310069,3,265,262,0.74
20260102,10,00940,元大台灣價值高息,Sell,14,永豐金-嘉義,9A00,003900410039006a,0,261,261,0.74
20260102,10,00940,元大台灣價值高息,Sell,15,高橋,5320,5320,3,250,247,0.7
20260102,11,1605,華新,Buy,1,摩根大通,8440,8440,6290,59,6231,8.5
20260102,11,1605,華新,Buy,2,台灣摩根士丹利,1470,1470,5080,313,4767,6.5
20260102,11,1605,華新,Buy,3,美商高盛,1480,1480,6167,1748,4419,6.03
20260102,11,1605,華新,Buy,4,新加坡商瑞銀,1650,1650,3682,541,3141,4.29
20260102,11,1605,華新,Buy,5,元大-館前,9800,003900380034004b,3064,672,2392,3.26
20260102,11,1605,華新,Buy,6,元大證券,9800,9800,5646,3293,2353,3.21
20260102,11,1605,華新,Buy,7,美林,1440,1440,3590,1551,2039,2.78
20260102,11,1605,華新,Buy,8,富邦證券,9600,9600,1279,30,1249,1.7
20260102,11,1605,華新,Buy,9,(牛牛牛)亞證券,6010,6010,1250,40,1210,1.65
20260102,11,1605,華新,Buy,10,永豐金證券,9A00,0039004100300030,1557,565,992,1.35
20260102,11,1605,華新,Buy,11,台新-松江,9B00,0039004200310035,1001,11,990,1.35
20260102,11,1605,華新,Buy,12,統一-板橋,5850,0035003800350050,1041,205,836,1.14
20260102,11,1605,華新,Buy,13,凱基-中港,9200,9202,704,40,664,0.91
20260102,11,1605,華新,Buy,14,大和國泰,8890,8890,400,0,400,0.55
20260102,11,1605,華新,Buy,15,統一,5850,5850,644,381,263,0.36
20260102,11,1605,華新,Sell,1,中國信託,6160,6160,108,2714,2606,3.56
20260102,11,1605,華新,Sell,2,凱基-台北,9200,9268,4186,5293,1107,1.51
20260102,11,1605,華新,Sell,3,國泰-敦南,8880,8888,1090,1754,664,0.91
20260102,11,1605,華新,Sell,4,中國信託-忠孝,6160,6162,38,694,656,0.9
20260102,11,1605,華新,Sell,5,新光,8560,8560,426,969,543,0.74
20260102,11,1605,華新,Sell,6,國泰-松江,8880,8883,68,554,486,0.66
20260102,11,1605,華新,Sell,7,群益金鼎-瑞豐,9100,0039003100380075,435,873,438,0.6
20260102,11,1605,華新,Sell,8,國泰-台中,8880,8882,356,755,399,0.54
20260102,11,1605,華新,Sell,9,玉山-高雄,8840,8843,33,428,395,0.54
20260102,11,1605,華新,Sell,10,元大-中壢,9800,9834,193,557,364,0.5
20260102,11,1605,華新,Sell,11,元大-員林中山,9800,9835,37,392,355,0.48
20260102,11,1605,華新,Sell,12,兆豐-三重,7000,7008,27,323,296,0.4
20260102,11,1605,華新,Sell,13,元大-土城,9800,9897,3,299,296,0.4
20260102,11,1605,華新,Sell,14,元大-頭份,9800,0039003800330055,43,335,292,0.4
20260102,11,1605,華新,Sell,15,台新-三民,9B00,0039004200310033,2,287,285,0.39
20260102,12,3706,神達,Buy,1,台灣摩根士丹利,1470,1470,9080,233,8847,12.79
20260102,12,3706,神達,Buy,2,美林,1440,1440,3112,12,3100,4.48
20260102,12,3706,神達,Buy,3,美商高盛,1480,1480,2444,1082,1362,1.97
20260102,12,3706,神達,Buy,4,港商野村,1560,1560,1473,140,1333,1.93
20260102,12,3706,神達,Buy,5,康和,8450,8450,1204,76,1128,1.63
20260102,12,3706,神達,Buy,6,永豐金證券,9A00,0039004100300030,1620,503,1117,1.61
20260102,12,3706,神達,Buy,7,新加坡商瑞銀,1650,1650,3095,2042,1053,1.52
20260102,12,3706,神達,Buy,8,花旗環球,1590,1590,1055,4,1051,1.52
20260102,12,3706,神達,Buy,9,凱基,9200,9200,835,1,834,1.21
20260102,12,3706,神達,Buy,10,國票-安和,7790,003700370039005a,900,118,782,1.13
20260102,12,3706,神達,Buy,11,群益金鼎-敦南,9100,9101,834,204,630,0.91
20260102,12,3706,神達,Buy,12,群益金鼎-大安,9100,0039003100380065,1161,550,611,0.88
20260102,12,3706,神達,Buy,13,元大證券,9800,9800,3935,3447,488,0.71
20260102,12,3706,神達,Buy,14,摩根大通,8440,8440,599,174,425,0.61
20260102,12,3706,神達,Buy,15,富邦證券,9600,9600,480,63,417,0.6
20260102,12,3706,神達,Sell,1,凱基-台北,9200,9268,3750,5602,1852,2.68
20260102,12,3706,神達,Sell,2,兆豐-新竹,7000,0037003000300056,25,740,715,1.03
20260102,12,3706,神達,Sell,3,新光,8560,8560,362,1036,674,0.97
20260102,12,3706,神達,Sell,4,國泰-敦南,8880,8888,1239,1761,522,0.75
20260102,12,3706,神達,Sell,5,元大-大同,9800,0039003800390047,61,416,355,0.51
20260102,12,3706,神達,Sell,6,中國信託,6160,6160,404,690,286,0.41
20260102,12,3706,神達,Sell,7,國泰-板橋,8880,003800380038004b,101,311,210,0.3
20260102,12,3706,神達,Sell,8,凱基-民權,9200,0039003200310043,13,223,210,0.3
20260102,12,3706,神達,Sell,9,國票-敦北法人,7790,0037003700390063,3,212,209,0.3
20260102,12,3706,神達,Sell,10,富邦-陽明,9600,9604,72,278,206,0.3
20260102,12,3706,神達,Sell,11,富邦-新竹,9600,9647,148,348,200,0.29
20260102,12,3706,神達,Sell,12,凱基-員林,9200,9231,34,231,197,0.28
20260102,12,3706,神達,Sell,13,玉山-台南,8840,8847,100,296,196,0.28
20260102,12,3706,神達,Sell,14,富邦-台北,9600,9623,348,543,195,0.28
20260102,12,3706,神達,Sell,15,台新-營業部,9B00,0039004200310037,597,776,179,0.26
20260102,13,0056,元大高股息,Buy,1,凱基-台北,9200,9268,11069,598,10471,18.88
20260102,13,0056,元大高股息,Buy,2,中國信託,6160,6160,5531,439,5092,9.18
20260102,13,0056,元大高股息,Buy,3,永豐金證券,9A00,0039004100300030,5488,606,4882,8.8
20260102,13,0056,元大高股息,Buy,4,富邦證券,9600,9600,2725,39,2686,4.84
20260102,13,0056,元大高股息,Buy,5,永豐金-市政,9A00,0039004100390057,1569,221,1348,2.43
20260102,13,0056,元大高股息,Buy,6,元大證券,9800,9800,1025,103,922,1.66
20260102,13,0056,元大高股息,Buy,7,兆豐-高雄,7000,003700300030005a,933,73,860,1.55
20260102,13,0056,元大高股息,Buy,8,國泰證券,8880,8880,750,8,742,1.34
20260102,13,0056,元大高股息,Buy,9,台新-營業部,9B00,0039004200310037,982,572,410,0.74
20260102,13,0056,元大高股息,Buy,10,華南永昌,9300,9300,491,144,347,0.63
20260102,13,0056,元大高股息,Buy,11,(牛牛牛)亞-網路,6010,6012,301,30,271,0.49
20260102,13,0056,元大高股息,Buy,12,玉山證券,8840,8840,370,144,226,0.41
20260102,13,0056,元大高股息,Buy,13,永豐金-敦北,9A00,0039004100380039,294,71,223,0.4
20260102,13,0056,元大高股息,Buy,14,玉山-雙和,8840,8841,283,66,217,0.39
20260102,13,0056,元大高股息,Buy,15,兆豐-嘉義,7000,7001,207,1,206,0.37
20260102,13,0056,元大高股息,Sell,1,臺銀,1040,1040,94,5163,5069,9.14
20260102,13,0056,元大高股息,Sell,2,港商野村,1560,1560,0,1699,1699,3.06
20260102,13,0056,元大高股息,Sell,3,國泰-敦南,8880,8888,1378,2601,1223,2.21
20260102,13,0056,元大高股息,Sell,4,元大-六合,9800,0039003800320043,7,526,519,0.94
20260102,13,0056,元大高股息,Sell,5,合庫-自強,1020,0031003000320043,1,477,476,0.86
20260102,13,0056,元大高股息,Sell,6,新光-台中,8560,8561,117,584,467,0.84
20260102,13,0056,元大高股息,Sell,7,永豐金-竹科,9A00,0039004100390058,54,454,400,0.72
20260102,13,0056,元大高股息,Sell,8,國票-博愛,7790,003700370039007a,5,384,379,0.68
20260102,13,0056,元大高股息,Sell,9,康和-新竹,8450,8456,0,371,371,0.67
20260102,13,0056,元大高股息,Sell,10,統一-城中,5850,5854,2,345,343,0.62
20260102,13,0056,元大高股息,Sell,11,永豐金-板新,9A00,003900410039004a,30,306,276,0.5
20260102,13,0056,元大高股息,Sell,12,國泰-忠孝,8880,8887,84,342,258,0.47
20260102,13,0056,元大高股息,Sell,13,富邦-仁愛,9600,9676,122,372,250,0.45
20260102,13,0056,元大高股息,Sell,14,元大-板橋三民,9800,9879,20,261,241,0.43
20260102,13,0056,元大高股息,Sell,15,台新-安南,9B00,003900420032005a,21,262,241,0.43
20260102,14,00665L,富邦恒生國企正2,Buy,1,永豐金證券,9A00,0039004100300030,9435,568,8867,24.87
20260102,14,00665L,富邦恒生國企正2,Buy,2,元大證券,9800,9800,7105,1720,5385,15.1
20260102,14,00665L,富邦恒生國企正2,Buy,3,群益金鼎,9100,9100,5234,303,4931,13.83
20260102,14,00665L,富邦恒生國企正2,Buy,4,國票證券,7790,7790,3139,35,3104,8.7
20260102,14,00665L,富邦恒生國企正2,Buy,5,凱基-台北,9200,9268,2120,241,1879,5.27
20260102,14,00665L,富邦恒生國企正2,Buy,6,統一,5850,5850,1232,194,1038,2.91
20260102,14,00665L,富邦恒生國企正2,Buy,7,第一金-路竹,5380,0035003300380050,380,4,376,1.05
20260102,14,00665L,富邦恒生國企正2,Buy,8,元大-景美,9800,0039003800340048,296,20,276,0.77
20260102,14,00665L,富邦恒生國企正2,Buy,9,台新-花蓮,9B00,0039004200320079,250,0,250,0.7
20260102,14,00665L,富邦恒生國企正2,Buy,10,第一金-高雄,5380,5383,200,61,139,0.39
20260102,14,00665L,富邦恒生國企正2,Buy,11,統一-士林,5850,003500380035004d,150,17,133,0.37
20260102,14,00665L,富邦恒生國企正2,Buy,12,統一-新營,5850,0035003800350045,132,0,132,0.37
20260102,14,00665L,富邦恒生國企正2,Buy,13,台新-建北,9B00,0039004200310038,150,28,122,0.34
20260102,14,00665L,富邦恒生國企正2,Buy,14,兆豐-三民,7000,0037003000300068,110,5,105,0.29
20260102,14,00665L,富邦恒生國企正2,Buy,15,國泰證券,8880,8880,97,0,97,0.27
20260102,14,00665L,富邦恒生國企正2,Sell,1,新光,8560,8560,274,2449,2175,6.1
20260102,14,00665L,富邦恒生國企正2,Sell,2,永豐金-潮州,9A00,0039004100390071,413,1793,1380,3.87
20260102,14,00665L,富邦恒生國企正2,Sell,3,富邦-北港,9600,0039003600390043,0,1043,1043,2.92
20260102,14,00665L,富邦恒生國企正2,Sell,4,國泰-敦南,8880,8888,292,1140,848,2.38
20260102,14,00665L,富邦恒生國企正2,Sell,5,臺銀-金山,1040,0031003000340044,5,706,701,1.97
20260102,14,00665L,富邦恒生國企正2,Sell,6,新百王,6210,6210,0,615,615,1.72
20260102,14,00665L,富邦恒生國企正2,Sell,7,合庫-桃園,1020,0031003000320045,0,601,601,1.69
20260102,14,00665L,富邦恒生國企正2,Sell,8,元大-高雄,9800,003900380031006d,1,521,520,1.46
20260102,14,00665L,富邦恒生國企正2,Sell,9,玉山-新竹,8840,0038003800340048,0,516,516,1.45
20260102,14,00665L,富邦恒生國企正2,Sell,10,群益金鼎-古亭,9100,0039003100380043,10,500,490,1.37
20260102,14,00665L,富邦恒生國企正2,Sell,11,富邦-新莊,9600,0039003600320044,5,443,438,1.23
20260102,14,00665L,富邦恒生國企正2,Sell,12,凱基,9200,9200,313,740,427,1.2
20260102,14,00665L,富邦恒生國企正2,Sell,13,台新-高雄,9B00,0039004200310067,11,377,366,1.03
20260102,14,00665L,富邦恒生國企正2,Sell,14,美好-楊梅,5260,5262,0,358,358,1
20260102,14,00665L,富邦恒生國企正2,Sell,15,元大-大里,9800,0039003800310067,0,334,334,0.94
20260102,15,00929,復華台灣科技優息,Buy,1,元大證券,9800,9800,11123,75,11048,39.77
20260102,15,00929,復華台灣科技優息,Buy,2,群益金鼎,9100,9100,2058,21,2037,7.33
20260102,15,00929,復華台灣科技優息,Buy,3,凱基-台北,9200,9268,3145,1372,1773,6.38
20260102,15,00929,復華台灣科技優息,Buy,4,美商高盛,1480,1480,1371,0,1371,4.93
20260102,15,00929,復華台灣科技優息,Buy,5,國票證券,7790,7790,803,51,752,2.71
20260102,15,00929,復華台灣科技優息,Buy,6,台新-營業部,9B00,0039004200310037,1040,393,647,2.33
20260102,15,00929,復華台灣科技優息,Buy,7,亞東,2180,2180,590,8,582,2.09
20260102,15,00929,復華台灣科技優息,Buy,8,台新-台北,9B00,0039004200320030,1130,644,486,1.75
20260102,15,00929,復華台灣科技優息,Buy,9,永豐金證券,9A00,0039004100300030,938,495,443,1.59
20260102,15,00929,復華台灣科技優息,Buy,10,中國信託,6160,6160,559,139,420,1.51
20260102,15,00929,復華台灣科技優息,Buy,11,富邦證券,9600,9600,426,24,402,1.45
20260102,15,00929,復華台灣科技優息,Buy,12,國泰證券,8880,8880,112,27,85,0.31
20260102,15,00929,復華台灣科技優息,Buy,13,富邦-公益,9600,0039003600310046,103,26,77,0.28
20260102,15,00929,復華台灣科技優息,Buy,14,台新-新營,9B00,0039004200310031,280,209,71,0.26
20260102,15,00929,復華台灣科技優息,Buy,15,華南永昌-斗六,9300,9327,50,2,48,0.17
20260102,15,00929,復華台灣科技優息,Sell,1,國泰-敦南,8880,8888,253,1194,941,3.39
20260102,15,00929,復華台灣科技優息,Sell,2,美林,1440,1440,0,806,806,2.9
20260102,15,00929,復華台灣科技優息,Sell,3,富邦-新竹,9600,9647,0,594,594,2.14
20260102,15,00929,復華台灣科技優息,Sell,4,新光,8560,8560,48,473,425,1.53
20260102,15,00929,復華台灣科技優息,Sell,5,元大-內湖,9800,003900380039004e,2,344,342,1.23
20260102,15,00929,復華台灣科技優息,Sell,6,國泰-板橋,8880,003800380038004b,36,357,321,1.16
20260102,15,00929,復華台灣科技優息,Sell,7,元大-彰化民生,9800,003900380039004a,10,259,249,0.9
20260102,15,00929,復華台灣科技優息,Sell,8,富邦-陽明,9600,9604,10,258,248,0.89
20260102,15,00929,復華台灣科技優息,Sell,9,國泰-桃園,8880,8885,59,302,243,0.87
20260102,15,00929,復華台灣科技優息,Sell,10,兆豐-台中,7000,7003,2,237,235,0.85
20260102,15,00929,復華台灣科技優息,Sell,11,永豐金-新莊,9A00,0039004100390048,6,215,209,0.75
20260102,15,00929,復華台灣科技優息,Sell,12,富邦-板橋,9600,9655,54,253,199,0.72
20260102,15,00929,復華台灣科技優息,Sell,13,玉山證券,8840,8840,13,206,193,0.69
20260102,15,00929,復華台灣科技優息,Sell,14,富邦-建國,9600,9658,36,229,193,0.69
20260102,15,00929,復華台灣科技優息,Sell,15,國泰-台中,8880,8882,43,228,185,0.67
20260102,16,00753L,中信中國50正2,Buy,1,凱基-台北,9200,9268,10000,1428,8572,28.67
20260102,16,00753L,中信中國50正2,Buy,2,元大證券,9800,9800,7196,1555,5641,18.87
20260102,16,00753L,中信中國50正2,Buy,3,群益金鼎,9100,9100,4160,2,4158,13.91
20260102,16,00753L,中信中國50正2,Buy,4,(牛牛牛)亞-網路,6010,6012,400,7,393,1.31
20260102,16,00753L,中信中國50正2,Buy,5,永豐金證券,9A00,0039004100300030,477,119,358,1.2
20260102,16,00753L,中信中國50正2,Buy,6,國票證券,7790,7790,332,0,332,1.11
20260102,16,00753L,中信中國50正2,Buy,7,統一-新台中,5850,0035003800350044,341,136,205,0.69
20260102,16,00753L,中信中國50正2,Buy,8,元大-六合,9800,0039003800320043,201,6,195,0.65
20260102,16,00753L,中信中國50正2,Buy,9,合庫-高雄,1020,1023,200,5,195,0.65
20260102,16,00753L,中信中國50正2,Buy,10,第一金-路竹,5380,0035003300380050,191,31,160,0.54
20260102,16,00753L,中信中國50正2,Buy,11,元大-大里,9800,0039003800310067,117,14,103,0.34
20260102,16,00753L,中信中國50正2,Buy,12,統一-基隆,5850,0035003800350041,100,0,100,0.33
20260102,16,00753L,中信中國50正2,Buy,13,元大-景美,9800,0039003800340048,103,7,96,0.32
20260102,16,00753L,中信中國50正2,Buy,14,統一-士林,5850,003500380035004d,80,4,76,0.25
20260102,16,00753L,中信中國50正2,Buy,15,元大-小港,9800,003900380039005a,80,7,73,0.24
20260102,16,00753L,中信中國50正2,Sell,1,統一-板橋,5850,0035003800350050,0,600,600,2.01
20260102,16,00753L,中信中國50正2,Sell,2,元大-林園,9800,003900380031004b,0,520,520,1.74
20260102,16,00753L,中信中國50正2,Sell,3,元大-新竹,9800,9816,2,509,507,1.7
20260102,16,00753L,中信中國50正2,Sell,4,新光-台中,8560,8561,69,545,476,1.59
20260102,16,00753L,中信中國50正2,Sell,5,元大-高雄,9800,003900380031006d,6,470,464,1.55
20260102,16,00753L,中信中國50正2,Sell,6,台新-營業部,9B00,0039004200310037,230,693,463,1.55
20260102,16,00753L,中信中國50正2,Sell,7,富邦-北港,9600,0039003600390043,0,430,430,1.44
20260102,16,00753L,中信中國50正2,Sell,8,國泰-板橋,8880,003800380038004b,6,427,421,1.41
20260102,16,00753L,中信中國50正2,Sell,9,台新-城中,9B00,0039004200320045,0,410,410,1.37
20260102,16,00753L,中信中國50正2,Sell,10,富邦-虎尾,9600,9697,0,400,400,1.34
20260102,16,00753L,中信中國50正2,Sell,11,新光,8560,8560,224,623,399,1.33
20260102,16,00753L,中信中國50正2,Sell,12,(牛牛牛)亞-鑫豐,6010,0036003000310064,22,416,394,1.32
20260102,16,00753L,中信中國50正2,Sell,13,國泰-敦南,8880,8888,146,537,391,1.31
20260102,16,00753L,中信中國50正2,Sell,14,合庫-台南,1020,1022,0,360,360,1.2
20260102,16,00753L,中信中國50正2,Sell,15,兆豐-松德,7000,0037003000300069,0,340,340,1.14
20260102,17,00939,統一台灣高息動能,Buy,1,元大證券,9800,9800,6448,243,6205,31.02
20260102,17,00939,統一台灣高息動能,Buy,2,群益金鼎,9100,9100,5388,1,5387,26.93
20260102,17,00939,統一台灣高息動能,Buy,3,凱基-台北,9200,9268,3296,76,3220,16.1
20260102,17,00939,統一台灣高息動能,Buy,4,台新-台北,9B00,0039004200320030,1147,30,1117,5.58
20260102,17,00939,統一台灣高息動能,Buy,5,中國信託,6160,6160,877,105,772,3.86
20260102,17,00939,統一台灣高息動能,Buy,6,凱基,9200,9200,691,39,652,3.26
20260102,17,00939,統一台灣高息動能,Buy,7,台新-營業部,9B00,0039004200310037,927,394,533,2.66
20260102,17,00939,統一台灣高息動能,Buy,8,富邦證券,9600,9600,419,36,383,1.91
20260102,17,00939,統一台灣高息動能,Buy,9,兆豐-景美(停),7000,7009,102,20,82,0.41
20260102,17,00939,統一台灣高息動能,Buy,10,國票-台東,7790,7791,30,0,30,0.15
20260102,17,00939,統一台灣高息動能,Buy,11,國泰證券,8880,8880,16,0,16,0.08
20260102,17,00939,統一台灣高息動能,Buy,12,美好-苗栗,5260,5265,10,0,10,0.05
20260102,17,00939,統一台灣高息動能,Buy,13,兆豐-忠孝,7000,0037003000300061,10,1,9,0.04
20260102,17,00939,統一台灣高息動能,Buy,14,永豐金-古亭,9A00,0039004100390064,9,0,9,0.04
20260102,17,00939,統一台灣高息動能,Buy,15,凱基-竹北,9200,9234,10,2,8,0.04
20260102,17,00939,統一台灣高息動能,Sell,1,統一,5850,5850,1,806,805,4.02
20260102,17,00939,統一台灣高息動能,Sell,2,永豐金證券,9A00,0039004100300030,206,1010,804,4.02
20260102,17,00939,統一台灣高息動能,Sell,3,國泰-敦南,8880,8888,57,725,668,3.34
20260102,17,00939,統一台灣高息動能,Sell,4,統一-台中,5850,5856,0,644,644,3.22
20260102,17,00939,統一台灣高息動能,Sell,5,中國信託-高雄,6160,003600310036004b,0,432,432,2.16
20260102,17,00939,統一台灣高息動能,Sell,6,富邦-仁愛,9600,9676,11,282,271,1.35
20260102,17,00939,統一台灣高息動能,Sell,7,元大-南投,9800,0039003800310044,0,258,258,1.29
20260102,17,00939,統一台灣高息動能,Sell,8,新光,8560,8560,20,275,255,1.27
20260102,17,00939,統一台灣高息動能,Sell,9,國泰-板橋,8880,003800380038004b,1,218,217,1.08
20260102,17,00939,統一台灣高息動能,Sell,10,元大-竹科,9800,003900380030004b,0,215,215,1.07
20260102,17,00939,統一台灣高息動能,Sell,11,統一-新竹,5850,5857,0,211,211,1.05
20260102,17,00939,統一台灣高息動能,Sell,12,玉山-台中,8840,0038003800340042,1,184,183,0.91
20260102,17,00939,統一台灣高息動能,Sell,13,群益金鼎-內湖,9100,0039003100380064,0,180,180,0.9
20260102,17,00939,統一台灣高息動能,Sell,14,玉山-高雄,8840,8843,0,173,173,0.86
20260102,17,00939,統一台灣高息動能,Sell,15,統一-桃園,5850,0035003800350048,1,171,170,0.85
20260102,18,2884,玉山金,Buy,1,中國信託,6160,6160,35178,259,34919,56.57
20260102,18,2884,玉山金,Buy,2,凱基,9200,9200,6312,324,5988,9.7
20260102,18,2884,玉山金,Buy,3,富邦-永和,9600,9654,226,124,102,0.17
20260102,18,2884,玉山金,Buy,4,合庫-桃園,1020,0031003000320045,100,9,91,0.15
20260102,18,2884,玉山金,Buy,5,大昌-新竹,6460,6463,84,3,81,0.13
20260102,18,2884,玉山金,Buy,6,香港上海匯豐,8960,8960,63,0,63,0.1
20260102,18,2884,玉山金,Buy,7,富邦-羅東,9600,9634,92,35,57,0.09
20260102,18,2884,玉山金,Buy,8,元大-民生三民,9800,0039003800390058,51,6,45,0.07
20260102,18,2884,玉山金,Buy,9,台新-新興,9B00,003900420032006f,46,2,44,0.07
20260102,18,2884,玉山金,Buy,10,富邦-仁愛,9600,9676,143,100,43,0.07
20260102,18,2884,玉山金,Buy,11,永豐金-萬盛,9A00,0039004100390032,95,56,39,0.06
20260102,18,2884,玉山金,Buy,12,國泰證券,8880,8880,64,31,33,0.05
20260102,18,2884,玉山金,Buy,13,元大-蘆洲,9800,9857,39,10,29,0.05
20260102,18,2884,玉山金,Buy,14,兆豐-新竹,7000,0037003000300056,30,4,26,0.04
20260102,18,2884,玉山金,Buy,15,元大-仁愛,9800,003900380033006a,23,2,21,0.03
20260102,18,2884,玉山金,Sell,1,美商高盛,1480,1480,1205,5469,4264,6.91
20260102,18,2884,玉山金,Sell,2,凱基-台北,9200,9268,348,4175,3827,6.2
20260102,18,2884,玉山金,Sell,3,美林,1440,1440,216,4038,3822,6.19
20260102,18,2884,玉山金,Sell,4,新加坡商瑞銀,1650,1650,281,3794,3513,5.69
20260102,18,2884,玉山金,Sell,5,富邦證券,9600,9600,53,3172,3119,5.05
20260102,18,2884,玉山金,Sell,6,台灣摩根士丹利,1470,1470,29,2968,2939,4.76
20260102,18,2884,玉山金,Sell,7,摩根大通,8440,8440,1223,4155,2932,4.75
20260102,18,2884,玉山金,Sell,8,花旗環球,1590,1590,0,2124,2124,3.44
20260102,18,2884,玉山金,Sell,9,大和國泰,8890,8890,0,580,580,0.94
20260102,18,2884,玉山金,Sell,10,富邦-新竹,9600,9647,20,575,555,0.9
20260102,18,2884,玉山金,Sell,11,凱基-竹北,9200,9234,5,536,531,0.86
20260102,18,2884,玉山金,Sell,12,港商野村,1560,1560,100,498,398,0.64
20260102,18,2884,玉山金,Sell,13,國泰-敦南,8880,8888,386,743,357,0.58
20260102,18,2884,玉山金,Sell,14,永豐金證券,9A00,0039004100300030,368,679,311,0.5
20260102,18,2884,玉山金,Sell,15,富邦-板橋,9600,9655,10,317,307,0.5
20260102,19,00900,富邦特選高股息30,Buy,1,元大證券,9800,9800,7557,842,6715,20.36
20260102,19,00900,富邦特選高股息30,Buy,2,凱基-台北,9200,9268,7032,1665,5367,16.27
20260102,19,00900,富邦特選高股息30,Buy,3,群益金鼎,9100,9100,3963,65,3898,11.82
20260102,19,00900,富邦特選高股息30,Buy,4,新加坡商瑞銀,1650,1650,2918,0,2918,8.85
20260102,19,00900,富邦特選高股息30,Buy,5,中國信託,6160,6160,1705,1197,508,1.54
20260102,19,00900,富邦特選高股息30,Buy,6,兆豐-台中,7000,7003,250,103,147,0.45
20260102,19,00900,富邦特選高股息30,Buy,7,群益金鼎-新莊,9100,0039003100380047,113,26,87,0.26
20260102,19,00900,富邦特選高股息30,Buy,8,富邦-陽明,9600,9604,155,80,75,0.23
20260102,19,00900,富邦特選高股息30,Buy,9,臺銀-金山,1040,0031003000340044,75,2,73,0.22
20260102,19,00900,富邦特選高股息30,Buy,10,台新-潮州,9B00,0039004200320043,84,13,71,0.22
20260102,19,00900,富邦特選高股息30,Buy,11,元大-竹南,9800,0039003800330056,60,0,60,0.18
20260102,19,00900,富邦特選高股息30,Buy,12,土銀-嘉義,1030,1034,60,4,56,0.17
20260102,19,00900,富邦特選高股息30,Buy,13,永豐金證券,9A00,0039004100300030,1177,1126,51,0.15
20260102,19,00900,富邦特選高股息30,Buy,14,(牛牛牛)亞證券,6010,6010,50,0,50,0.15
20260102,19,00900,富邦特選高股息30,Buy,15,富邦-宜蘭,9600,9686,80,39,41,0.12
20260102,19,00900,富邦特選高股息30,Sell,1,統一,5850,5850,0,2747,2747,8.33
20260102,19,00900,富邦特選高股息30,Sell,2,台新-營業部,9B00,0039004200310037,374,2236,1862,5.64
20260102,19,00900,富邦特選高股息30,Sell,3,台灣摩根士丹利,1470,1470,0,1346,1346,4.08
20260102,19,00900,富邦特選高股息30,Sell,4,元大-蘆洲中正,9800,0039003800390049,1,769,768,2.33
20260102,19,00900,富邦特選高股息30,Sell,5,臺銀-高雄,1040,0031003000340043,4,649,645,1.96
20260102,19,00900,富邦特選高股息30,Sell,6,國票-敦北法人,7790,0037003700390063,0,500,500,1.52
20260102,19,00900,富邦特選高股息30,Sell,7,康和,8450,8450,0,500,500,1.52
20260102,19,00900,富邦特選高股息30,Sell,8,國泰-敦南,8880,8888,314,778,464,1.41
20260102,19,00900,富邦特選高股息30,Sell,9,國泰證券,8880,8880,53,500,447,1.36
20260102,19,00900,富邦特選高股息30,Sell,10,國泰-新莊,8880,8886,1,424,423,1.28
20260102,19,00900,富邦特選高股息30,Sell,11,新光,8560,8560,1,387,386,1.17
20260102,19,00900,富邦特選高股息30,Sell,12,群益金鼎-竹南,9100,0039003100380069,0,360,360,1.09
20260102,19,00900,富邦特選高股息30,Sell,13,富邦-台北,9600,9623,26,304,278,0.84
20260102,19,00900,富邦特選高股息30,Sell,14,凱基-三重,9200,9205,2,260,258,0.78
20260102,19,00900,富邦特選高股息30,Sell,15,玉山-板橋,8840,8846,10,260,250,0.76
20260102,20,00918,大華優利高填息30,Buy,1,元大證券,9800,9800,6580,689,5891,26.39
20260102,20,00918,大華優利高填息30,Buy,2,凱基-台北,9200,9268,4670,1,4669,20.92
20260102,20,00918,大華優利高填息30,Buy,3,永豐金-市政,9A00,0039004100390057,2868,118,2750,12.32
20260102,20,00918,大華優利高填息30,Buy,4,群益金鼎,9100,9100,2268,11,2257,10.11
20260102,20,00918,大華優利高填息30,Buy,5,富邦證券,9600,9600,242,5,237,1.06
20260102,20,00918,大華優利高填息30,Buy,6,中國信託,6160,6160,223,34,189,0.85
20260102,20,00918,大華優利高填息30,Buy,7,元大-大里,9800,0039003800310067,197,21,176,0.79
20260102,20,00918,大華優利高填息30,Buy,8,康和-仁愛,8450,0038003400350046,155,0,155,0.69
20260102,20,00918,大華優利高填息30,Buy,9,統一,5850,5850,154,5,149,0.67
20260102,20,00918,大華優利高填息30,Buy,10,台新-嘉義,9B00,0039004200320049,110,5,105,0.47
20260102,20,00918,大華優利高填息30,Buy,11,兆豐-台中,7000,7003,100,0,100,0.45
20260102,20,00918,大華優利高填息30,Buy,12,元大-竹南,9800,0039003800330056,75,2,73,0.33
20260102,20,00918,大華優利高填息30,Buy,13,台新-新店,9B00,0039004200320032,72,2,70,0.31
20260102,20,00918,大華優利高填息30,Buy,14,台新-宜蘭,9B00,0039004200320055,102,40,62,0.28
20260102,20,00918,大華優利高填息30,Buy,15,凱基-竹東,9200,9273,60,1,59,0.26
20260102,20,00918,大華優利高填息30,Sell,1,土銀-南港,1030,0031003000330046,0,1200,1200,5.38
20260102,20,00918,大華優利高填息30,Sell,2,元大-頭份,9800,0039003800330055,6,921,915,4.1
20260102,20,00918,大華優利高填息30,Sell,3,國泰-敦南,8880,8888,125,610,485,2.17
20260102,20,00918,大華優利高填息30,Sell,4,台新-安南,9B00,003900420032005a,10,407,397,1.78
20260102,20,00918,大華優利高填息30,Sell,5,群益金鼎-桃園,9100,9189,1,385,384,1.72
20260102,20,00918,大華優利高填息30,Sell,6,永豐金證券,9A00,0039004100300030,45,425,380,1.7
20260102,20,00918,大華優利高填息30,Sell,7,富邦-嘉義,9600,9692,3,308,305,1.37
20260102,20,00918,大華優利高填息30,Sell,8,臺銀-高雄,1040,0031003000340043,2,294,292,1.31
20260102,20,00918,大華優利高填息30,Sell,9,群益金鼎-館前,9100,0039003100330059,0,243,243,1.09
20260102,20,00918,大華優利高填息30,Sell,10,新光,8560,8560,32,242,210,0.94
20260102,20,00918,大華優利高填息30,Sell,11,元大-新莊,9800,9898,4,203,199,0.89
20260102,20,00918,大華優利高填息30,Sell,12,元大-新店中正,9800,0039003800340043,0,195,195,0.87
20260102,20,00918,大華優利高填息30,Sell,13,群益金鼎-東大,9100,9135,0,186,186,0.83
20260102,20,00918,大華優利高填息30,Sell,14,富邦-中壢,9600,9636,10,193,183,0.82
20260102,20,00918,大華優利高填息30,Sell,15,新光-台中,8560,8561,5,187,182,0.82
20260102,21,2327,國巨*,Buy,1,美商高盛,1480,1480,8059,2805,5254,9.78
20260102,21,2327,國巨*,Buy,2,群益金鼎,9100,9100,3896,162,3734,6.95
20260102,21,2327,國巨*,Buy,3,新加坡商瑞銀,1650,1650,2822,930,1892,3.52
20260102,21,2327,國巨*,Buy,4,永豐金證券,9A00,0039004100300030,1639,578,1061,1.98
20260102,21,2327,國巨*,Buy,5,凱基,9200,9200,1060,28,1032,1.92
20260102,21,2327,國巨*,Buy,6,國泰證券,8880,8880,1016,24,992,1.85
20260102,21,2327,國巨*,Buy,7,富邦證券,9600,9600,937,87,850,1.58
20260102,21,2327,國巨*,Buy,8,摩根大通,8440,8440,844,223,621,1.16
20260102,21,2327,國巨*,Buy,9,兆豐-忠孝,7000,0037003000300061,619,96,523,0.97
20260102,21,2327,國巨*,Buy,10,康和,8450,8450,537,35,502,0.93
20260102,21,2327,國巨*,Buy,11,台新-台北,9B00,0039004200320030,593,98,495,0.92
20260102,21,2327,國巨*,Buy,12,華南永昌,9300,9300,822,385,437,0.81
20260102,21,2327,國巨*,Buy,13,宏遠證券,1260,1260,471,66,405,0.75
20260102,21,2327,國巨*,Buy,14,凱基-台北,9200,9268,3134,2781,353,0.66
20260102,21,2327,國巨*,Buy,15,統一,5850,5850,310,64,246,0.46
20260102,21,2327,國巨*,Sell,1,永豐金-匯立,9A00,0039004100380031,0,3989,3989,7.43
20260102,21,2327,國巨*,Sell,2,台灣摩根士丹利,1470,1470,405,1444,1039,1.93
20260102,21,2327,國巨*,Sell,3,高橋-內壢,5320,5323,5,415,410,0.76
20260102,21,2327,國巨*,Sell,4,港商麥格理,1360,1360,0,396,396,0.74
20260102,21,2327,國巨*,Sell,5,美林,1440,1440,1002,1330,328,0.61
20260102,21,2327,國巨*,Sell,6,國泰-敦南,8880,8888,624,908,284,0.53
20260102,21,2327,國巨*,Sell,7,土銀,1030,1030,12,237,225,0.42
20260102,21,2327,國巨*,Sell,8,新光,8560,8560,204,424,220,0.41
20260102,21,2327,國巨*,Sell,9,富邦-三峽,9600,003900360032004a,20,138,118,0.22
20260102,21,2327,國巨*,Sell,10,合庫證券,1020,1020,82,199,117,0.22
20260102,21,2327,國巨*,Sell,11,台新-佳里,9B00,0039004200320077,9,126,117,0.22
20260102,21,2327,國巨*,Sell,12,富邦-陽明,9600,9604,82,195,113,0.21
20260102,21,2327,國巨*,Sell,13,國泰-館前,8880,0038003800380041,87,184,97,0.18
20260102,21,2327,國巨*,Sell,14,元大-新莊,9800,9898,29,123,94,0.18
20260102,21,2327,國巨*,Sell,15,永豐金-市政,9A00,0039004100390057,76,168,92,0.17
20260102,22,00922,國泰台灣領袖50,Buy,1,元大證券,9800,9800,12112,1751,10361,51.93
20260102,22,00922,國泰台灣領袖50,Buy,2,永豐金證券,9A00,0039004100300030,3068,925,2143,10.74
20260102,22,00922,國泰台灣領袖50,Buy,3,中國信託,6160,6160,1019,154,865,4.34
20260102,22,00922,國泰台灣領袖50,Buy,4,富邦證券,9600,9600,657,14,643,3.22
20260102,22,00922,國泰台灣領袖50,Buy,5,凱基-台北,9200,9268,297,54,243,1.22
20260102,22,00922,國泰台灣領袖50,Buy,6,國泰證券,8880,8880,161,0,161,0.81
20260102,22,00922,國泰台灣領袖50,Buy,7,陽信-石牌,8710,8711,102,1,101,0.51
20260102,22,00922,國泰台灣領袖50,Buy,8,元大-復北,9800,9872,102,5,97,0.49
20260102,22,00922,國泰台灣領袖50,Buy,9,兆豐-公益,7000,003700300030004a,77,17,60,0.3
20260102,22,00922,國泰台灣領袖50,Buy,10,華南永昌-台中,9300,9302,105,46,59,0.3
20260102,22,00922,國泰台灣領袖50,Buy,11,臺銀-高雄,1040,0031003000340043,109,58,51,0.26
20260102,22,00922,國泰台灣領袖50,Buy,12,元大-台北,9800,0039003800300068,51,6,45,0.23
20260102,22,00922,國泰台灣領袖50,Buy,13,兆豐-新營,7000,003700300030004b,50,10,40,0.2
20260102,22,00922,國泰台灣領袖50,Buy,14,台灣企銀-岡山,1110,1119,30,0,30,0.15
20260102,22,00922,國泰台灣領袖50,Buy,15,凱基,9200,9200,25,0,25,0.13
20260102,22,00922,國泰台灣領袖50,Sell,1,國泰-敦南,8880,8888,105,1154,1049,5.26
20260102,22,00922,國泰台灣領袖50,Sell,2,凱基-竹科,9200,9272,0,570,570,2.86
20260102,22,00922,國泰台灣領袖50,Sell,3,凱基-中山,9200,9229,2,336,334,1.67
20260102,22,00922,國泰台灣領袖50,Sell,4,富邦-基隆,9600,9614,5,303,298,1.49
20260102,22,00922,國泰台灣領袖50,Sell,5,國泰-桃園,8880,8885,22,313,291,1.46
20260102,22,00922,國泰台灣領袖50,Sell,6,元大-三民,9800,0039003800390046,10,269,259,1.3
20260102,22,00922,國泰台灣領袖50,Sell,7,群益金鼎-板橋,9100,0039003100380042,100,305,205,1.03
20260102,22,00922,國泰台灣領袖50,Sell,8,國泰-台南,8880,8884,3,202,199,1
20260102,22,00922,國泰台灣領袖50,Sell,9,統一-士林,5850,003500380035004d,0,172,172,0.86
20260102,22,00922,國泰台灣領袖50,Sell,10,國泰-台中,8880,8882,28,192,164,0.82
20260102,22,00922,國泰台灣領袖50,Sell,11,富邦-台中,9600,003900360035004b,1,163,162,0.81
20260102,22,00922,國泰台灣領袖50,Sell,12,新光,8560,8560,19,178,159,0.8
20260102,22,00922,國泰台灣領袖50,Sell,13,元大-博愛,9800,0039003800320042,2,161,159,0.8
20260102,22,00922,國泰台灣領袖50,Sell,14,富邦-陽明,9600,9604,16,148,132,0.66
20260102,22,00922,國泰台灣領袖50,Sell,15,台新-營業部,9B00,0039004200310037,42,157,115,0.58
20260102,23,3048,益登,Buy,1,元大證券,9800,9800,4238,1067,3171,11.48
20260102,23,3048,益登,Buy,2,元大-館前,9800,003900380034004b,2687,14,2673,9.68
20260102,23,3048,益登,Buy,3,富邦證券,9600,9600,1021,27,994,3.6
20260102,23,3048,益登,Buy,4,凱基-台北,9200,9268,2809,1856,953,3.45
20260102,23,3048,益登,Buy,5,元大-內湖,9800,003900380039004e,815,51,764,2.77
20260102,23,3048,益登,Buy,6,美林,1440,1440,823,110,713,2.58
20260102,23,3048,益登,Buy,7,統一,5850,5850,611,30,581,2.1
20260102,23,3048,益登,Buy,8,富邦-板橋,9600,9655,661,119,542,1.96
20260102,23,3048,益登,Buy,9,富邦-嘉義,9600,9692,574,55,519,1.88
20260102,23,3048,益登,Buy,10,港商野村,1560,1560,507,0,507,1.84
20260102,23,3048,益登,Buy,11,凱基-城中,9200,9227,482,44,438,1.59
20260102,23,3048,益登,Buy,12,摩根大通,8440,8440,434,15,419,1.52
20260102,23,3048,益登,Buy,13,新加坡商瑞銀,1650,1650,426,36,390,1.41
20260102,23,3048,益登,Buy,14,美商高盛,1480,1480,667,523,144,0.52
20260102,23,3048,益登,Buy,15,台灣摩根士丹利,1470,1470,173,35,138,0.5
20260102,23,3048,益登,Sell,1,國泰-敦南,8880,8888,277,603,326,1.18
20260102,23,3048,益登,Sell,2,永豐金-高雄,9A00,0039004100390065,16,313,297,1.08
20260102,23,3048,益登,Sell,3,富邦-陽明,9600,9604,18,202,184,0.67
20260102,23,3048,益登,Sell,4,新光,8560,8560,69,230,161,0.58
20260102,23,3048,益登,Sell,5,富邦-永康,9600,003900360031005a,0,160,160,0.58
20260102,23,3048,益登,Sell,6,福勝,6950,6950,1,155,154,0.56
20260102,23,3048,益登,Sell,7,國泰-桃園,8880,8885,69,205,136,0.49
20260102,23,3048,益登,Sell,8,宏遠證券,1260,1260,1,133,132,0.48
20260102,23,3048,益登,Sell,9,陽信,8710,8710,4,132,128,0.46
20260102,23,3048,益登,Sell,10,富邦-台北,9600,9623,46,165,119,0.43
20260102,23,3048,益登,Sell,11,美好,5260,5260,63,181,118,0.43
20260102,23,3048,益登,Sell,12,凱基-三重,9200,9205,8,124,116,0.42
20260102,23,3048,益登,Sell,13,國泰-高雄,8880,8881,54,167,113,0.41
20260102,23,3048,益登,Sell,14,富邦-永和,9600,9654,74,179,105,0.38
20260102,23,3048,益登,Sell,15,國泰-板橋,8880,003800380038004b,57,158,101,0.37
20260102,24,6282,康舒,Buy,1,摩根大通,8440,8440,3083,500,2583,4.23
20260102,24,6282,康舒,Buy,2,美商高盛,1480,1480,4229,2189,2040,3.34
20260102,24,6282,康舒,Buy,3,港商野村,1560,1560,1503,0,1503,2.46
20260102,24,6282,康舒,Buy,4,新加坡商瑞銀,1650,1650,3858,2369,1489,2.44
20260102,24,6282,康舒,Buy,5,美林,1440,1440,1808,415,1393,2.28
20260102,24,6282,康舒,Buy,6,台灣摩根士丹利,1470,1470,1813,713,1100,1.8
20260102,24,6282,康舒,Buy,7,台新-建北,9B00,0039004200310038,1160,96,1064,1.74
20260102,24,6282,康舒,Buy,8,富邦-桃園,9600,9665,780,77,703,1.15
20260102,24,6282,康舒,Buy,9,富邦-台南,9600,9667,305,55,250,0.41
20260102,24,6282,康舒,Buy,10,永豐金證券,9A00,0039004100300030,866,622,244,0.4
20260102,24,6282,康舒,Buy,11,元大證券,9800,9800,4347,4107,240,0.39
20260102,24,6282,康舒,Buy,12,亞東-新竹,2180,2184,151,1,150,0.25
20260102,24,6282,康舒,Buy,13,群益金鼎,9100,9100,391,251,140,0.23
20260102,24,6282,康舒,Buy,14,元大-桃興,9800,9894,160,24,136,0.22
20260102,24,6282,康舒,Buy,15,凱基-站前,9200,0039003200300046,190,60,130,0.21
20260102,24,6282,康舒,Sell,1,國泰-敦南,8880,8888,984,1393,409,0.67
20260102,24,6282,康舒,Sell,2,凱基-台北,9200,9268,2416,2671,255,0.42
20260102,24,6282,康舒,Sell,3,台新-營業部,9B00,0039004200310037,341,589,248,0.41
20260102,24,6282,康舒,Sell,4,中國信託-文心,6160,6164,38,284,246,0.4
20260102,24,6282,康舒,Sell,5,中國信託-高雄,6160,003600310036004b,62,280,218,0.36
20260102,24,6282,康舒,Sell,6,元大-北三重,9800,0039003800390056,37,208,171,0.28
20260102,24,6282,康舒,Sell,7,元大-北港,9800,9837,16,184,168,0.28
20260102,24,6282,康舒,Sell,8,中國信託,6160,6160,196,361,165,0.27
20260102,24,6282,康舒,Sell,9,陽信,8710,8710,1,163,162,0.27
20260102,24,6282,康舒,Sell,10,永豐金-信義,9A00,0039004100390052,15,177,162,0.27
20260102,24,6282,康舒,Sell,11,群益金鼎-彰化,9100,9187,86,238,152,0.25
20260102,24,6282,康舒,Sell,12,元大-中和,9800,0039003800390065,20,172,152,0.25
20260102,24,6282,康舒,Sell,13,國泰-台南,8880,8884,84,229,145,0.24
20260102,24,6282,康舒,Sell,14,合庫-西台中,1020,0031003000320046,46,190,144,0.24
20260102,24,6282,康舒,Sell,15,新光-台中,8560,8561,152,292,140,0.23
20260102,25,8150,南茂,Buy,1,美商高盛,1480,1480,3923,724,3199,10.6
20260102,25,8150,南茂,Buy,2,摩根大通,8440,8440,1986,140,1846,6.12
20260102,25,8150,南茂,Buy,3,新加坡商瑞銀,1650,1650,3147,1886,1261,4.18
20260102,25,8150,南茂,Buy,4,港商野村,1560,1560,1159,14,1145,3.8
20260102,25,8150,南茂,Buy,5,美林,1440,1440,571,51,520,1.72
20260102,25,8150,南茂,Buy,6,台新-松江,9B00,0039004200310035,267,4,263,0.87
20260102,25,8150,南茂,Buy,7,富邦-樹林,9600,0039003600320045,184,15,169,0.56
20260102,25,8150,南茂,Buy,8,凱基-台北,9200,9268,1818,1654,164,0.54
20260102,25,8150,南茂,Buy,9,國票證券,7790,7790,179,55,124,0.41
20260102,25,8150,南茂,Buy,10,中國信託,6160,6160,215,110,105,0.35
20260102,25,8150,南茂,Buy,11,華南永昌-桃園,9300,9352,105,3,102,0.34
20260102,25,8150,南茂,Buy,12,群益金鼎,9100,9100,200,117,83,0.28
20260102,25,8150,南茂,Buy,13,元大-羅東,9800,0039003800320041,75,18,57,0.19
20260102,25,8150,南茂,Buy,14,國票-台南,7790,0037003700390044,65,9,56,0.19
20260102,25,8150,南茂,Buy,15,統一,5850,5850,76,32,44,0.15
20260102,25,8150,南茂,Sell,1,台灣摩根士丹利,1470,1470,315,872,557,1.85
20260102,25,8150,南茂,Sell,2,統一-新竹,5850,5857,5,443,438,1.45
20260102,25,8150,南茂,Sell,3,元大證券,9800,9800,1028,1275,247,0.82
20260102,25,8150,南茂,Sell,4,國泰-敦南,8880,8888,669,829,160,0.53
20260102,25,8150,南茂,Sell,5,元大-中和,9800,0039003800390065,8,143,135,0.45
20260102,25,8150,南茂,Sell,6,元大-信義安和,9800,0039003800300052,81,200,119,0.39
20260102,25,8150,南茂,Sell,7,元大-樹林,9800,003900380039006a,13,127,114,0.38
20260102,25,8150,南茂,Sell,8,元大-中壢,9800,9834,55,168,113,0.37
20260102,25,8150,南茂,Sell,9,元大-北屯,9800,0039003800390064,20,128,108,0.36
20260102,25,8150,南茂,Sell,10,富邦-竹東,9600,9625,2,109,107,0.35
20260102,25,8150,南茂,Sell,11,中國信託-高雄,6160,003600310036004b,13,119,106,0.35
20260102,25,8150,南茂,Sell,12,新光-桃園,8560,8565,41,140,99,0.33
20260102,25,8150,南茂,Sell,13,台新-營業部,9B00,0039004200310037,184,280,96,0.32
20260102,25,8150,南茂,Sell,14,元大-大益,9800,9814,15,111,96,0.32
20260102,25,8150,南茂,Sell,15,永豐金-竹北,9A00,0039004100390050,7,97,90,0.3
20260102,26,2356,英業達,Buy,1,美林,1440,1440,1633,144,1489,6.39
20260102,26,2356,英業達,Buy,2,港商野村,1560,1560,1398,20,1378,5.91
20260102,26,2356,英業達,Buy,3,美商高盛,1480,1480,2541,1406,1135,4.87
20260102,26,2356,英業達,Buy,4,台灣摩根士丹利,1470,1470,1783,925,858,3.68
20260102,26,2356,英業達,Buy,5,台新-營業部,9B00,0039004200310037,950,102,848,3.64
20260102,26,2356,英業達,Buy,6,摩根大通,8440,8440,739,228,511,2.19
20260102,26,2356,英業達,Buy,7,凱基-台北,9200,9268,1556,1067,489,2.1
20260102,26,2356,英業達,Buy,8,元大證券,9800,9800,848,360,488,2.09
20260102,26,2356,英業達,Buy,9,花旗環球,1590,1590,350,21,329,1.41
20260102,26,2356,英業達,Buy,10,新加坡商瑞銀,1650,1650,890,642,248,1.06
20260102,26,2356,英業達,Buy,11,國泰證券,8880,8880,176,11,165,0.71
20260102,26,2356,英業達,Buy,12,國票-台東,7790,7791,135,5,130,0.56
20260102,26,2356,英業達,Buy,13,元大-中和,9800,0039003800390065,125,23,102,0.44
20260102,26,2356,英業達,Buy,14,台灣企銀-豐原,1110,1118,100,2,98,0.42
20260102,26,2356,英業達,Buy,15,群益金鼎,9100,9100,158,67,91,0.39
20260102,26,2356,英業達,Sell,1,國票-北投,7790,7792,0,157,157,0.67
20260102,26,2356,英業達,Sell,2,富邦-陽明,9600,9604,30,182,152,0.65
20260102,26,2356,英業達,Sell,3,富邦-永和,9600,9654,16,167,151,0.65
20260102,26,2356,英業達,Sell,4,宏遠-光隆,1260,0031003200360069,6,147,141,0.61
20260102,26,2356,英業達,Sell,5,凱基-板橋,9200,0039003200300041,4,133,129,0.55
20260102,26,2356,英業達,Sell,6,富邦-台北,9600,9623,20,146,126,0.54
20260102,26,2356,英業達,Sell,7,元大-永康,9800,9829,6,126,120,0.52
20260102,26,2356,英業達,Sell,8,永豐金證券,9A00,0039004100300030,101,219,118,0.51
20260102,26,2356,英業達,Sell,9,群益金鼎-館前,9100,0039003100330059,25,143,118,0.51
20260102,26,2356,英業達,Sell,10,元大-仁愛,9800,003900380033006a,1,118,117,0.5
20260102,26,2356,英業達,Sell,11,群益金鼎-南京,9100,0039003100380045,0,102,102,0.44
20260102,26,2356,英業達,Sell,12,台新-松江,9B00,0039004200310035,1,91,90,0.39
20260102,26,2356,英業達,Sell,13,元大-莒光,9800,003900380031004c,13,101,88,0.38
20260102,26,2356,英業達,Sell,14,國泰-敦南,8880,8888,389,466,77,0.33
20260102,26,2356,英業達,Sell,15,富邦-中壢,9600,9636,25,101,76,0.33
20260102,27,00988A,主動統一全球創新,Buy,1,凱基-台北,9200,9268,3965,1,3964,22.93
20260102,27,00988A,主動統一全球創新,Buy,2,凱基,9200,9200,3196,11,3185,18.42
20260102,27,00988A,主動統一全球創新,Buy,3,富邦證券,9600,9600,2137,437,1700,9.83
20260102,27,00988A,主動統一全球創新,Buy,4,台新-台北,9B00,0039004200320030,1702,400,1302,7.53
20260102,27,00988A,主動統一全球創新,Buy,5,永豐金證券,9A00,0039004100300030,611,35,576,3.33
20260102,27,00988A,主動統一全球創新,Buy,6,群益金鼎,9100,9100,796,303,493,2.85
20260102,27,00988A,主動統一全球創新,Buy,7,統一,5850,5850,489,116,373,2.16
20260102,27,00988A,主動統一全球創新,Buy,8,富邦-彰化,9600,0039003600350055,152,5,147,0.85
20260102,27,00988A,主動統一全球創新,Buy,9,富邦-左營,9600,0039003600360046,140,17,123,0.71
20260102,27,00988A,主動統一全球創新,Buy,10,元大-鑫永和,9800,9888,120,0,120,0.69
20260102,27,00988A,主動統一全球創新,Buy,11,永豐金-永康,9A00,0039004100390063,115,10,105,0.61
20260102,27,00988A,主動統一全球創新,Buy,12,永豐金-天母,9A00,0039004100390047,130,25,105,0.61
20260102,27,00988A,主動統一全球創新,Buy,13,美好,5260,5260,100,0,100,0.58
20260102,27,00988A,主動統一全球創新,Buy,14,富邦-七賢,9600,003900360031004b,94,5,89,0.51
20260102,27,00988A,主動統一全球創新,Buy,15,國泰-松江,8880,8883,86,6,80,0.46
20260102,27,00988A,主動統一全球創新,Sell,1,元大證券,9800,9800,80,1343,1263,7.31
20260102,27,00988A,主動統一全球創新,Sell,2,元大-板橋三民,9800,9879,0,536,536,3.1
20260102,27,00988A,主動統一全球創新,Sell,3,第一金-新竹,5380,0035003300380042,2,505,503,2.91
20260102,27,00988A,主動統一全球創新,Sell,4,永豐金-板新,9A00,003900410039004a,47,436,389,2.25
20260102,27,00988A,主動統一全球創新,Sell,5,富邦-新竹,9600,9647,7,388,381,2.2
20260102,27,00988A,主動統一全球創新,Sell,6,元大-大同,9800,0039003800390047,0,342,342,1.98
20260102,27,00988A,主動統一全球創新,Sell,7,玉山-台南,8840,8847,19,341,322,1.86
20260102,27,00988A,主動統一全球創新,Sell,8,統一-台中,5850,5856,4,324,320,1.85
20260102,27,00988A,主動統一全球創新,Sell,9,康和-永和,8450,0038003400350042,0,304,304,1.76
20260102,27,00988A,主動統一全球創新,Sell,10,聯邦-雙和,8580,8584,0,290,290,1.68
20260102,27,00988A,主動統一全球創新,Sell,11,永豐金-桃盛,9A00,003900410039004e,0,281,281,1.63
20260102,27,00988A,主動統一全球創新,Sell,12,元大-三峽,9800,0039003800310041,6,275,269,1.56
20260102,27,00988A,主動統一全球創新,Sell,13,統一-新竹,5850,5857,3,265,262,1.52
20260102,27,00988A,主動統一全球創新,Sell,14,新光-台中,8560,8561,5,261,256,1.48
20260102,27,00988A,主動統一全球創新,Sell,15,台新-中原,9B00,0039004200320067,0,220,220,1.27
20260102,28,3006,晶豪科,Buy,1,美商高盛,1480,1480,3438,804,2634,7.99
20260102,28,3006,晶豪科,Buy,2,富邦證券,9600,9600,4104,2217,1887,5.72
20260102,28,3006,晶豪科,Buy,3,國票-台中,7790,0037003700390076,1506,463,1043,3.16
20260102,28,3006,晶豪科,Buy,4,日進,5660,5660,822,4,818,2.48
20260102,28,3006,晶豪科,Buy,5,新加坡商瑞銀,1650,1650,1294,511,783,2.38
20260102,28,3006,晶豪科,Buy,6,摩根大通,8440,8440,1423,680,743,2.25
20260102,28,3006,晶豪科,Buy,7,凱基-台北,9200,9268,1088,649,439,1.33
20260102,28,3006,晶豪科,Buy,8,台灣摩根士丹利,1470,1470,484,66,418,1.27
20260102,28,3006,晶豪科,Buy,9,元大證券,9800,9800,3249,2878,371,1.13
20260102,28,3006,晶豪科,Buy,10,富邦-建國,9600,9658,528,195,333,1.01
20260102,28,3006,晶豪科,Buy,11,港商野村,1560,1560,521,303,218,0.66
20260102,28,3006,晶豪科,Buy,12,元大-土城永寧,9800,9875,891,730,161,0.49
20260102,28,3006,晶豪科,Buy,13,美林,1440,1440,141,6,135,0.41
20260102,28,3006,晶豪科,Buy,14,群益金鼎-新店,9100,0039003100380046,99,7,92,0.28
20260102,28,3006,晶豪科,Buy,15,富邦-南屯,9600,9666,125,35,90,0.27
20260102,28,3006,晶豪科,Sell,1,台新-營業部,9B00,0039004200310037,226,911,685,2.08
20260102,28,3006,晶豪科,Sell,2,元大-竹科,9800,003900380030004b,324,920,596,1.81
20260102,28,3006,晶豪科,Sell,3,統一,5850,5850,199,690,491,1.49
20260102,28,3006,晶豪科,Sell,4,永豐金證券,9A00,0039004100300030,157,469,312,0.95
20260102,28,3006,晶豪科,Sell,5,富邦-嘉義,9600,9692,88,367,279,0.85
20260102,28,3006,晶豪科,Sell,6,台新-城東,9B00,0039004200320072,9,202,193,0.59
20260102,28,3006,晶豪科,Sell,7,台新-台北,9B00,0039004200320030,9,197,188,0.57
20260102,28,3006,晶豪科,Sell,8,群益金鼎,9100,9100,51,237,186,0.56
20260102,28,3006,晶豪科,Sell,9,台新-建北,9B00,0039004200310038,71,247,176,0.53
20260102,28,3006,晶豪科,Sell,10,中國信託,6160,6160,80,218,138,0.42
20260102,28,3006,晶豪科,Sell,11,群益金鼎-大安,9100,0039003100380065,3,132,129,0.39
20260102,28,3006,晶豪科,Sell,12,國泰-敦南,8880,8888,648,767,119,0.36
20260102,28,3006,晶豪科,Sell,13,兆豐-埔墘,7000,003700300030004e,2,106,104,0.32
20260102,28,3006,晶豪科,Sell,14,凱基-中港,9200,9202,14,118,104,0.32
20260102,28,3006,晶豪科,Sell,15,宏遠-桃園,1260,1262,4,104,100,0.3
20260102,29,3090,日電貿,Buy,1,統一,5850,5850,1097,29,1068,4.63
20260102,29,3090,日電貿,Buy,2,國票-敦北法人,7790,0037003700390063,1060,10,1050,4.55
20260102,29,3090,日電貿,Buy,3,凱基-台北,9200,9268,2665,1893,772,3.34
20260102,29,3090,日電貿,Buy,4,永豐金證券,9A00,0039004100300030,816,118,698,3.02
20260102,29,3090,日電貿,Buy,5,統一-城中,5850,5854,563,12,551,2.39
20260102,29,3090,日電貿,Buy,6,美商高盛,1480,1480,1156,674,482,2.09
20260102,29,3090,日電貿,Buy,7,凱基-城中,9200,9227,497,26,471,2.04
20260102,29,3090,日電貿,Buy,8,摩根大通,8440,8440,709,277,432,1.87
20260102,29,3090,日電貿,Buy,9,台灣摩根士丹利,1470,1470,367,40,327,1.42
20260102,29,3090,日電貿,Buy,10,元大證券,9800,9800,1493,1215,278,1.2
20260102,29,3090,日電貿,Buy,11,凱基,9200,9200,282,10,272,1.18
20260102,29,3090,日電貿,Buy,12,國票-安和,7790,003700370039005a,244,19,225,0.97
20260102,29,3090,日電貿,Buy,13,台新-營業部,9B00,0039004200310037,359,138,221,0.96
20260102,29,3090,日電貿,Buy,14,永豐金-敦北,9A00,0039004100380039,213,20,193,0.84
20260102,29,3090,日電貿,Buy,15,港商野村,1560,1560,371,195,176,0.76
20260102,29,3090,日電貿,Sell,1,元大-新莊,9800,9898,19,214,195,0.84
20260102,29,3090,日電貿,Sell,2,康和-仁愛,8450,0038003400350046,25,135,110,0.48
20260102,29,3090,日電貿,Sell,3,元大-新店中正,9800,0039003800340043,5,108,103,0.45
20260102,29,3090,日電貿,Sell,4,國泰-板橋,8880,003800380038004b,36,138,102,0.44
20260102,29,3090,日電貿,Sell,5,統一-內湖,5850,0035003800350062,0,97,97,0.42
20260102,29,3090,日電貿,Sell,6,統一-南京,5850,0035003800350055,16,111,95,0.41
20260102,29,3090,日電貿,Sell,7,國票-天祥,7790,0037003700390056,16,106,90,0.39
20260102,29,3090,日電貿,Sell,8,元大-斗六,9800,0039003800300043,21,109,88,0.38
20260102,29,3090,日電貿,Sell,9,國泰-敦南,8880,8888,349,437,88,0.38
20260102,29,3090,日電貿,Sell,10,元大-板橋,9800,0039003800390043,40,126,86,0.37
20260102,29,3090,日電貿,Sell,11,富邦-羅東,9600,9634,9,95,86,0.37
20260102,29,3090,日電貿,Sell,12,新光,8560,8560,203,283,80,0.35
20260102,29,3090,日電貿,Sell,13,富邦-竹北,9600,9624,20,100,80,0.35
20260102,29,3090,日電貿,Sell,14,元大-敦南,9800,0039003800390050,10,88,78,0.34
20260102,29,3090,日電貿,Sell,15,兆豐-三民,7000,0037003000300068,4,80,76,0.33
20260102,30,2867,三商壽,Buy,1,凱基-台北,9200,9268,6975,794,6181,31.44
20260102,30,2867,三商壽,Buy,2,台灣摩根士丹利,1470,1470,4601,744,3857,19.62
20260102,30,2867,三商壽,Buy,3,元大證券,9800,9800,1808,0,1808,9.2
20260102,30,2867,三商壽,Buy,4,統一-士林,5850,003500380035004d,203,3,200,1.02
20260102,30,2867,三商壽,Buy,5,台新-台南,9B00,0039004200310036,207,11,196,1
20260102,30,2867,三商壽,Buy,6,統一,5850,5850,211,21,190,0.97
20260102,30,2867,三商壽,Buy,7,永豐金證券,9A00,0039004100300030,200,22,178,0.91
20260102,30,2867,三商壽,Buy,8,群益金鼎,9100,9100,169,0,169,0.86
20260102,30,2867,三商壽,Buy,9,群益金鼎-館前,9100,0039003100330059,270,103,167,0.85
20260102,30,2867,三商壽,Buy,10,統一-內湖,5850,0035003800350062,121,0,121,0.62
20260102,30,2867,三商壽,Buy,11,富邦-嘉義,9600,9692,85,0,85,0.43
20260102,30,2867,三商壽,Buy,12,群益金鼎-彰化,9100,9187,100,21,79,0.4
20260102,30,2867,三商壽,Buy,13,台新-中港,9B00,0039004200320069,82,5,77,0.39
20260102,30,2867,三商壽,Buy,14,富邦-台北,9600,9623,110,41,69,0.35
20260102,30,2867,三商壽,Buy,15,富邦-台中,9600,003900360035004b,75,13,62,0.32
20260102,30,2867,三商壽,Sell,1,摩根大通,8440,8440,1019,2250,1231,6.26
20260102,30,2867,三商壽,Sell,2,新加坡商瑞銀,1650,1650,0,1098,1098,5.59
20260102,30,2867,三商壽,Sell,3,富邦-仁愛,9600,9676,7,1077,1070,5.44
20260102,30,2867,三商壽,Sell,4,港商野村,1560,1560,0,989,989,5.03
20260102,30,2867,三商壽,Sell,5,玉山-桃園,8840,0038003800340046,1,601,600,3.05
20260102,30,2867,三商壽,Sell,6,元大-彰化民生,9800,003900380039004a,20,496,476,2.42
20260102,30,2867,三商壽,Sell,7,美林,1440,1440,2,311,309,1.57
20260102,30,2867,三商壽,Sell,8,永豐金-萬盛,9A00,0039004100390032,0,304,304,1.55
20260102,30,2867,三商壽,Sell,9,國泰-高雄,8880,8881,15,313,298,1.52
20260102,30,2867,三商壽,Sell,10,富邦-南京,9600,0039003600310043,2,300,298,1.52
20260102,30,2867,三商壽,Sell,11,富邦-二林,9600,0039003600320042,0,278,278,1.41
20260102,30,2867,三商壽,Sell,12,凱基-鳳山,9200,9274,0,233,233,1.19
20260102,30,2867,三商壽,Sell,13,國泰-敦南,8880,8888,55,260,205,1.04
20260102,30,2867,三商壽,Sell,14,統一-屏東,5850,5859,2,204,202,1.03
20260102,30,2867,三商壽,Sell,15,富邦-永和,9600,9654,3,196,193,0.98
20260102,31,2312,金寶,Buy,1,台灣摩根士丹利,1470,1470,1888,11,1877,14.5
20260102,31,2312,金寶,Buy,2,美商高盛,1480,1480,1749,191,1558,12.04
20260102,31,2312,金寶,Buy,3,新加坡商瑞銀,1650,1650,1016,133,883,6.82
20260102,31,2312,金寶,Buy,4,美林,1440,1440,968,89,879,6.79
20260102,31,2312,金寶,Buy,5,凱基-台北,9200,9268,920,151,769,5.94
20260102,31,2312,金寶,Buy,6,港商野村,1560,1560,459,0,459,3.55
20260102,31,2312,金寶,Buy,7,元大證券,9800,9800,446,111,335,2.59
20260102,31,2312,金寶,Buy,8,摩根大通,8440,8440,305,19,286,2.21
20260102,31,2312,金寶,Buy,9,群益金鼎,9100,9100,153,1,152,1.17
20260102,31,2312,金寶,Buy,10,第一金-台中,5380,5382,145,0,145,1.12
20260102,31,2312,金寶,Buy,11,凱基,9200,9200,82,0,82,0.63
20260102,31,2312,金寶,Buy,12,華南永昌-頭份,9300,9343,91,13,78,0.6
20260102,31,2312,金寶,Buy,13,富邦證券,9600,9600,81,5,76,0.59
20260102,31,2312,金寶,Buy,14,兆豐-天母,7000,003700300030004c,81,6,75,0.58
20260102,31,2312,金寶,Buy,15,凱基-三重,9200,9205,83,13,70,0.54
20260102,31,2312,金寶,Sell,1,港商麥格理,1360,1360,0,271,271,2.09
20260102,31,2312,金寶,Sell,2,合庫-台中,1020,1021,6,229,223,1.72
20260102,31,2312,金寶,Sell,3,國泰-敦南,8880,8888,61,261,200,1.54
20260102,31,2312,金寶,Sell,4,台新-信義,9B00,0039004200320048,0,171,171,1.32
20260102,31,2312,金寶,Sell,5,富邦-竹北,9600,9624,2,157,155,1.2
20260102,31,2312,金寶,Sell,6,富邦-台北,9600,9623,16,171,155,1.2
20260102,31,2312,金寶,Sell,7,元大-館前,9800,003900380034004b,36,161,125,0.97
20260102,31,2312,金寶,Sell,8,玉山-台南,8840,8847,3,127,124,0.96
20260102,31,2312,金寶,Sell,9,富邦-台南,9600,9667,25,141,116,0.9
20260102,31,2312,金寶,Sell,10,元大-楊梅,9800,0039003800370041,1,110,109,0.84
20260102,31,2312,金寶,Sell,11,華南永昌,9300,9300,27,136,109,0.84
20260102,31,2312,金寶,Sell,12,新光-台中,8560,8561,22,128,106,0.82
20260102,31,2312,金寶,Sell,13,兆豐-東門,7000,0037003000300048,0,105,105,0.81
20260102,31,2312,金寶,Sell,14,元大-大雅,9800,0039003800330069,10,105,95,0.73
20260102,31,2312,金寶,Sell,15,統一-城中,5850,5854,2,96,94,0.73
20260102,32,2308,台達電,Buy,1,台灣摩根士丹利,1470,1470,1755,151,1604,11.15
20260102,32,2308,台達電,Buy,2,美商高盛,1480,1480,1800,727,1073,7.46
20260102,32,2308,台達電,Buy,3,新加坡商瑞銀,1650,1650,1320,545,775,5.38
20260102,32,2308,台達電,Buy,4,兆豐證券,7000,7000,751,9,742,5.16
20260102,32,2308,台達電,Buy,5,摩根大通,8440,8440,748,139,609,4.23
20260102,32,2308,台達電,Buy,6,美林,1440,1440,734,279,455,3.16
20260102,32,2308,台達電,Buy,7,統一,5850,5850,448,33,415,2.88
20260102,32,2308,台達電,Buy,8,元大證券,9800,9800,966,643,323,2.24
20260102,32,2308,台達電,Buy,9,永豐金證券,9A00,0039004100300030,369,76,293,2.04
20260102,32,2308,台達電,Buy,10,台新-台北,9B00,0039004200320030,204,19,185,1.29
20260102,32,2308,台達電,Buy,11,凱基,9200,9200,258,91,167,1.16
20260102,32,2308,台達電,Buy,12,群益金鼎,9100,9100,188,35,153,1.06
20260102,32,2308,台達電,Buy,13,富邦證券,9600,9600,138,20,118,0.82
20260102,32,2308,台達電,Buy,14,港商野村,1560,1560,102,3,99,0.69
20260102,32,2308,台達電,Buy,15,花旗環球,1590,1590,110,29,81,0.56
20260102,32,2308,台達電,Sell,1,國泰-敦南,8880,8888,75,344,269,1.87
20260102,32,2308,台達電,Sell,2,凱基-台北,9200,9268,470,701,231,1.61
20260102,32,2308,台達電,Sell,3,國泰證券,8880,8880,304,470,166,1.15
20260102,32,2308,台達電,Sell,4,富邦-台北,9600,9623,15,144,129,0.9
20260102,32,2308,台達電,Sell,5,台新-營業部,9B00,0039004200310037,38,140,102,0.71
20260102,32,2308,台達電,Sell,6,國票-博愛,7790,003700370039007a,13,115,102,0.71
20260102,32,2308,台達電,Sell,7,土銀,1030,1030,16,107,91,0.63
20260102,32,2308,台達電,Sell,8,香港上海匯豐,8960,8960,24,105,81,0.56
20260102,32,2308,台達電,Sell,9,新光,8560,8560,64,125,61,0.42
20260102,32,2308,台達電,Sell,10,永豐金-匯立,9A00,0039004100380031,100,160,60,0.42
20260102,32,2308,台達電,Sell,11,玉山-台中,8840,0038003800340042,13,63,50,0.35
20260102,32,2308,台達電,Sell,12,國泰-板橋,8880,003800380038004b,24,73,49,0.34
20260102,32,2308,台達電,Sell,13,國泰-館前,8880,0038003800380041,23,72,49,0.34
20260102,32,2308,台達電,Sell,14,國泰-新莊,8880,8886,7,54,47,0.33
20260102,32,2308,台達電,Sell,15,國泰-台中,8880,8882,13,60,47,0.33
20260102,33,8112,至上,Buy,1,美林,1440,1440,2408,8,2400,6.92
20260102,33,8112,至上,Buy,2,摩根大通,8440,8440,2863,509,2354,6.79
20260102,33,8112,至上,Buy,3,台灣摩根士丹利,1470,1470,1089,60,1029,2.97
20260102,33,8112,至上,Buy,4,美商高盛,1480,1480,2126,1147,979,2.82
20260102,33,8112,至上,Buy,5,新加坡商瑞銀,1650,1650,1953,1295,658,1.9
20260102,33,8112,至上,Buy,6,港商野村,1560,1560,489,0,489,1.41
20260102,33,8112,至上,Buy,7,永豐金-潮州,9A00,0039004100390071,334,27,307,0.88
20260102,33,8112,至上,Buy,8,凱基-站前,9200,0039003200300046,255,69,186,0.54
20260102,33,8112,至上,Buy,9,富邦-竹東,9600,9625,160,19,141,0.41
20260102,33,8112,至上,Buy,10,凱基,9200,9200,219,81,138,0.4
20260102,33,8112,至上,Buy,11,富邦-木柵,9600,003900360031004d,153,20,133,0.38
20260102,33,8112,至上,Buy,12,元大-彰化民生,9800,003900380039004a,140,23,117,0.34
20260102,33,8112,至上,Buy,13,永豐金-南京,9A00,0039004100390053,183,71,112,0.32
20260102,33,8112,至上,Buy,14,永豐金-敦南,9A00,0039004100380046,170,60,110,0.32
20260102,33,8112,至上,Buy,15,永豐金證券,9A00,0039004100300030,323,233,90,0.26
20260102,33,8112,至上,Sell,1,元大證券,9800,9800,1832,3758,1926,5.55
20260102,33,8112,至上,Sell,2,富邦證券,9600,9600,50,574,524,1.51
20260102,33,8112,至上,Sell,3,國泰-敦南,8880,8888,664,829,165,0.48
20260102,33,8112,至上,Sell,4,元大-鳳中,9800,0039003800350043,10,145,135,0.39
20260102,33,8112,至上,Sell,5,國票-安和,7790,003700370039005a,14,143,129,0.37
20260102,33,8112,至上,Sell,6,群益金鼎-大甲,9100,0039003100380067,56,175,119,0.34
20260102,33,8112,至上,Sell,7,兆豐-高雄,7000,003700300030005a,320,428,108,0.31
20260102,33,8112,至上,Sell,8,統一-平鎮,5850,0035003800350067,11,115,104,0.3
20260102,33,8112,至上,Sell,9,凱基-台北,9200,9268,1633,1736,103,0.3
20260102,33,8112,至上,Sell,10,國泰-台中,8880,8882,199,301,102,0.29
20260102,33,8112,至上,Sell,11,國泰證券,8880,8880,145,246,101,0.29
20260102,33,8112,至上,Sell,12,永豐金-彰化,9A00,0039004100390073,19,113,94,0.27
20260102,33,8112,至上,Sell,13,國泰-高雄,8880,8881,124,214,90,0.26
20260102,33,8112,至上,Sell,14,元大-三民,9800,0039003800390046,27,108,81,0.23
20260102,33,8112,至上,Sell,15,富邦-中壢,9600,9636,68,149,81,0.23
20260102,34,00637L,元大滬深300正2,Buy,1,凱基-台北,9200,9268,11252,138,11114,46.37
20260102,34,00637L,元大滬深300正2,Buy,2,元大證券,9800,9800,4633,2817,1816,7.58
20260102,34,00637L,元大滬深300正2,Buy,3,凱基-中壢,9200,9285,941,21,920,3.84
20260102,34,00637L,元大滬深300正2,Buy,4,國票證券,7790,7790,816,9,807,3.37
20260102,34,00637L,元大滬深300正2,Buy,5,永豐金證券,9A00,0039004100300030,839,179,660,2.75
20260102,34,00637L,元大滬深300正2,Buy,6,群益金鼎,9100,9100,499,0,499,2.08
20260102,34,00637L,元大滬深300正2,Buy,7,富邦-公益,9600,0039003600310046,854,436,418,1.74
20260102,34,00637L,元大滬深300正2,Buy,8,聯邦證券,8580,8580,300,0,300,1.25
20260102,34,00637L,元大滬深300正2,Buy,9,統一-桃園,5850,0035003800350048,200,13,187,0.78
20260102,34,00637L,元大滬深300正2,Buy,10,富邦-台南,9600,9667,200,25,175,0.73
20260102,34,00637L,元大滬深300正2,Buy,11,國泰-桃園,8880,8885,512,354,158,0.66
20260102,34,00637L,元大滬深300正2,Buy,12,永豐金-板盛,9A00,0039004100390059,130,10,120,0.5
20260102,34,00637L,元大滬深300正2,Buy,13,統一-三重,5850,003500380035004a,106,6,100,0.42
20260102,34,00637L,元大滬深300正2,Buy,14,第一金,5380,5380,100,10,90,0.38
20260102,34,00637L,元大滬深300正2,Buy,15,國票-南港,7790,7795,75,0,75,0.31
20260102,34,00637L,元大滬深300正2,Sell,1,國票-九鼎,7790,0037003700390050,95,4453,4358,18.18
20260102,34,00637L,元大滬深300正2,Sell,2,群益金鼎-崇德,9100,0039003100330055,0,3600,3600,15.02
20260102,34,00637L,元大滬深300正2,Sell,3,凱基,9200,9200,0,1095,1095,4.57
20260102,34,00637L,元大滬深300正2,Sell,4,永豐金-豐原,9A00,0039004100390051,0,520,520,2.17
20260102,34,00637L,元大滬深300正2,Sell,5,國票-博愛,7790,003700370039007a,2,405,403,1.68
20260102,34,00637L,元大滬深300正2,Sell,6,台新-中壢,9B00,0039004200310079,0,365,365,1.52
20260102,34,00637L,元大滬深300正2,Sell,7,元大-府城,9800,0039003800300075,0,300,300,1.25
20260102,34,00637L,元大滬深300正2,Sell,8,中國信託,6160,6160,2,234,232,0.97
20260102,34,00637L,元大滬深300正2,Sell,9,凱基-市政,9200,9239,0,231,231,0.96
20260102,34,00637L,元大滬深300正2,Sell,10,永豐金-天母,9A00,0039004100390047,0,209,209,0.87
20260102,34,00637L,元大滬深300正2,Sell,11,聯邦-興中,8580,8587,0,202,202,0.84
20260102,34,00637L,元大滬深300正2,Sell,12,玉山-雙和,8840,8841,3,202,199,0.83
20260102,34,00637L,元大滬深300正2,Sell,13,群益金鼎-台中,9100,9184,0,185,185,0.77
20260102,34,00637L,元大滬深300正2,Sell,14,國泰-台中,8880,8882,6,179,173,0.72
20260102,34,00637L,元大滬深300正2,Sell,15,元大-長庚,9800,0039003800380056,1,171,170,0.71
20260102,35,6239,力成,Buy,1,富邦證券,9600,9600,2702,310,2392,11.83
20260102,35,6239,力成,Buy,2,美商高盛,1480,1480,1662,949,713,3.53
20260102,35,6239,力成,Buy,3,花旗環球,1590,1590,566,2,564,2.79
20260102,35,6239,力成,Buy,4,台新-營業部,9B00,0039004200310037,657,138,519,2.57
20260102,35,6239,力成,Buy,5,元大證券,9800,9800,1322,811,511,2.53
20260102,35,6239,力成,Buy,6,港商野村,1560,1560,469,15,454,2.24
20260102,35,6239,力成,Buy,7,統一,5850,5850,465,73,392,1.94
20260102,35,6239,力成,Buy,8,永豐金證券,9A00,0039004100300030,451,104,347,1.72
20260102,35,6239,力成,Buy,9,摩根大通,8440,8440,537,246,291,1.44
20260102,35,6239,力成,Buy,10,元大-蘆洲,9800,9857,307,26,281,1.39
20260102,35,6239,力成,Buy,11,新加坡商瑞銀,1650,1650,1554,1286,268,1.33
20260102,35,6239,力成,Buy,12,凱基-竹科,9200,9272,309,55,254,1.26
20260102,35,6239,力成,Buy,13,台灣摩根士丹利,1470,1470,326,118,208,1.03
20260102,35,6239,力成,Buy,14,香港上海匯豐,8960,8960,185,0,185,0.91
20260102,35,6239,力成,Buy,15,元大-中壢,9800,9834,107,20,87,0.43
20260102,35,6239,力成,Sell,1,凱基-台北,9200,9268,1356,1696,340,1.68
20260102,35,6239,力成,Sell,2,美林,1440,1440,31,288,257,1.27
20260102,35,6239,力成,Sell,3,凱基,9200,9200,194,450,256,1.27
20260102,35,6239,力成,Sell,4,大和國泰,8890,8890,0,185,185,0.91
20260102,35,6239,力成,Sell,5,國泰-敦南,8880,8888,214,395,181,0.89
20260102,35,6239,力成,Sell,6,中國信託,6160,6160,30,200,170,0.84
20260102,35,6239,力成,Sell,7,宏遠-高雄,1260,0031003200360051,0,161,161,0.8
20260102,35,6239,力成,Sell,8,合庫證券,1020,1020,26,178,152,0.75
20260102,35,6239,力成,Sell,9,元大-大同,9800,0039003800390047,1,138,137,0.68
20260102,35,6239,力成,Sell,10,元大-大統,9800,003900380031007a,30,155,125,0.62
20260102,35,6239,力成,Sell,11,群益金鼎,9100,9100,114,230,116,0.57
20260102,35,6239,力成,Sell,12,港商麥格理,1360,1360,120,220,100,0.49
20260102,35,6239,力成,Sell,13,國泰-桃園,8880,8885,25,115,90,0.44
20260102,35,6239,力成,Sell,14,臺銀,1040,1040,14,94,80,0.4
20260102,35,6239,力成,Sell,15,(牛牛牛)亞-鑫豐,6010,0036003000310064,3,79,76,0.38
20260102,36,2449,京元電子,Buy,1,港商野村,1560,1560,1772,86,1686,2.94
20260102,36,2449,京元電子,Buy,2,永豐金-匯立,9A00,0039004100380031,1652,21,1631,2.85
20260102,36,2449,京元電子,Buy,3,富邦證券,9600,9600,1729,294,1435,2.5
20260102,36,2449,京元電子,Buy,4,康和,8450,8450,1026,14,1012,1.77
20260102,36,2449,京元電子,Buy,5,凱基-站前,9200,0039003200300046,1076,87,989,1.73
20260102,36,2449,京元電子,Buy,6,美商高盛,1480,1480,2864,1961,903,1.58
20260102,36,2449,京元電子,Buy,7,富邦-陽明,9600,9604,886,220,666,1.16
20260102,36,2449,京元電子,Buy,8,大和國泰,8890,8890,605,0,605,1.06
20260102,36,2449,京元電子,Buy,9,華南永昌,9300,9300,802,254,548,0.96
20260102,36,2449,京元電子,Buy,10,凱基-城中,9200,9227,1242,749,493,0.86
20260102,36,2449,京元電子,Buy,11,群益金鼎,9100,9100,643,160,483,0.84
20260102,36,2449,京元電子,Buy,12,台新-台北,9B00,0039004200320030,733,265,468,0.82
20260102,36,2449,京元電子,Buy,13,統一,5850,5850,2167,1877,290,0.51
20260102,36,2449,京元電子,Buy,14,兆豐-忠孝,7000,0037003000300061,227,46,181,0.32
20260102,36,2449,京元電子,Buy,15,元大-士林,9800,003900380031006a,238,58,180,0.31
20260102,36,2449,京元電子,Sell,1,新加坡商瑞銀,1650,1650,1658,3491,1833,3.2
20260102,36,2449,京元電子,Sell,2,中國信託,6160,6160,189,1492,1303,2.27
20260102,36,2449,京元電子,Sell,3,台灣摩根士丹利,1470,1470,665,1760,1095,1.91
20260102,36,2449,京元電子,Sell,4,港商麥格理,1360,1360,59,514,455,0.79
20260102,36,2449,京元電子,Sell,5,富邦-南屯,9600,9666,349,768,419,0.73
20260102,36,2449,京元電子,Sell,6,台新-營業部,9B00,0039004200310037,313,651,338,0.59
20260102,36,2449,京元電子,Sell,7,摩根大通,8440,8440,760,959,199,0.35
20260102,36,2449,京元電子,Sell,8,永豐金證券,9A00,0039004100300030,304,487,183,0.32
20260102,36,2449,京元電子,Sell,9,凱基-桃園,9200,9208,34,210,176,0.31
20260102,36,2449,京元電子,Sell,10,國泰-敦南,8880,8888,985,1158,173,0.3
20260102,36,2449,京元電子,Sell,11,元大-復北,9800,9872,26,193,167,0.29
20260102,36,2449,京元電子,Sell,12,群益金鼎-南京,9100,0039003100380045,9,145,136,0.24
20260102,36,2449,京元電子,Sell,13,台新-台中,9B00,0039004200310068,92,211,119,0.21
20260102,36,2449,京元電子,Sell,14,富邦-台南,9600,9667,31,146,115,0.2
20260102,36,2449,京元電子,Sell,15,元大-文心,9800,9868,11,126,115,0.2
20260102,37,2301,光寶科,Buy,1,美商高盛,1480,1480,3573,198,3375,13.66
20260102,37,2301,光寶科,Buy,2,國票-敦北法人,7790,0037003700390063,1960,5,1955,7.91
20260102,37,2301,光寶科,Buy,3,群益金鼎,9100,9100,1752,49,1703,6.89
20260102,37,2301,光寶科,Buy,4,永豐金證券,9A00,0039004100300030,1090,90,1000,4.05
20260102,37,2301,光寶科,Buy,5,美林,1440,1440,879,242,637,2.58
20260102,37,2301,光寶科,Buy,6,摩根大通,8440,8440,604,122,482,1.95
20260102,37,2301,光寶科,Buy,7,新加坡商瑞銀,1650,1650,1030,551,479,1.94
20260102,37,2301,光寶科,Buy,8,元大證券,9800,9800,1910,1463,447,1.81
20260102,37,2301,光寶科,Buy,9,台灣摩根士丹利,1470,1470,594,378,216,0.87
20260102,37,2301,光寶科,Buy,10,華南永昌,9300,9300,334,165,169,0.68
20260102,37,2301,光寶科,Buy,11,富邦證券,9600,9600,510,386,124,0.5
20260102,37,2301,光寶科,Buy,12,兆豐證券,7000,7000,96,23,73,0.3
20260102,37,2301,光寶科,Buy,13,宏遠-民生,1260,1261,90,31,59,0.24
20260102,37,2301,光寶科,Buy,14,德信-中正,6910,6912,65,10,55,0.22
20260102,37,2301,光寶科,Buy,15,統一,5850,5850,89,36,53,0.21
20260102,37,2301,光寶科,Sell,1,凱基,9200,9200,92,3213,3121,12.63
20260102,37,2301,光寶科,Sell,2,國泰證券,8880,8880,252,1463,1211,4.9
20260102,37,2301,光寶科,Sell,3,凱基-台北,9200,9268,1575,2038,463,1.87
20260102,37,2301,光寶科,Sell,4,台新-營業部,9B00,0039004200310037,119,400,281,1.14
20260102,37,2301,光寶科,Sell,5,中國信託,6160,6160,94,277,183,0.74
20260102,37,2301,光寶科,Sell,6,國票-長城,7790,0037003700390075,6,179,173,0.7
20260102,37,2301,光寶科,Sell,7,港商麥格理,1360,1360,0,132,132,0.53
20260102,37,2301,光寶科,Sell,8,台新-新店,9B00,0039004200320032,24,142,118,0.48
20260102,37,2301,光寶科,Sell,9,元大-敦化,9800,9833,12,130,118,0.48
20260102,37,2301,光寶科,Sell,10,永豐金-市政,9A00,0039004100390057,26,141,115,0.47
20260102,37,2301,光寶科,Sell,11,國泰-敦南,8880,8888,268,383,115,0.47
20260102,37,2301,光寶科,Sell,12,元大-嘉義,9800,0039003800390067,4,118,114,0.46
20260102,37,2301,光寶科,Sell,13,元大-上新莊,9800,0039003800330047,0,84,84,0.34
20260102,37,2301,光寶科,Sell,14,凱基-中山,9200,9229,16,98,82,0.33
20260102,37,2301,光寶科,Sell,15,兆豐-板橋,7000,0037003000300042,13,84,71,0.29
20260102,38,00982A,主動群益台灣強棒,Buy,1,台新-台北,9B00,0039004200320030,2614,1005,1609,4.67
20260102,38,00982A,主動群益台灣強棒,Buy,2,元大證券,9800,9800,4438,3301,1137,3.3
20260102,38,00982A,主動群益台灣強棒,Buy,3,元大-板橋三民,9800,9879,1065,27,1038,3.01
20260102,38,00982A,主動群益台灣強棒,Buy,4,聯邦證券,8580,8580,961,10,951,2.76
20260102,38,00982A,主動群益台灣強棒,Buy,5,群益金鼎,9100,9100,1018,71,947,2.75
20260102,38,00982A,主動群益台灣強棒,Buy,6,中國信託,6160,6160,1584,804,780,2.26
20260102,38,00982A,主動群益台灣強棒,Buy,7,元大-松江,9800,9801,700,0,700,2.03
20260102,38,00982A,主動群益台灣強棒,Buy,8,國泰-館前,8880,0038003800380041,850,194,656,1.9
20260102,38,00982A,主動群益台灣強棒,Buy,9,統一,5850,5850,804,215,589,1.71
20260102,38,00982A,主動群益台灣強棒,Buy,10,元大-頭份,9800,0039003800330055,508,24,484,1.41
20260102,38,00982A,主動群益台灣強棒,Buy,11,國票證券,7790,7790,483,0,483,1.4
20260102,38,00982A,主動群益台灣強棒,Buy,12,富邦-新莊,9600,0039003600320044,377,20,357,1.04
20260102,38,00982A,主動群益台灣強棒,Buy,13,富邦-永和,9600,9654,370,13,357,1.04
20260102,38,00982A,主動群益台灣強棒,Buy,14,富邦-陽明,9600,9604,439,88,351,1.02
20260102,38,00982A,主動群益台灣強棒,Buy,15,凱基-台北,9200,9268,482,207,275,0.8
20260102,38,00982A,主動群益台灣強棒,Sell,1,富邦證券,9600,9600,876,2212,1336,3.88
20260102,38,00982A,主動群益台灣強棒,Sell,2,國泰-敦南,8880,8888,751,1320,569,1.65
20260102,38,00982A,主動群益台灣強棒,Sell,3,台新-營業部,9B00,0039004200310037,217,784,567,1.65
20260102,38,00982A,主動群益台灣強棒,Sell,4,華南永昌-台中,9300,9302,9,450,441,1.28
20260102,38,00982A,主動群益台灣強棒,Sell,5,元大-南屯,9800,9853,0,395,395,1.15
20260102,38,00982A,主動群益台灣強棒,Sell,6,元大-彰化,9800,0039003800310047,48,430,382,1.11
20260102,38,00982A,主動群益台灣強棒,Sell,7,永豐金證券,9A00,0039004100300030,126,499,373,1.08
20260102,38,00982A,主動群益台灣強棒,Sell,8,新光-台中,8560,8561,58,426,368,1.07
20260102,38,00982A,主動群益台灣強棒,Sell,9,兆豐-永和,7000,0037003000300058,19,368,349,1.01
20260102,38,00982A,主動群益台灣強棒,Sell,10,新光-新竹,8560,8563,26,325,299,0.87
20260102,38,00982A,主動群益台灣強棒,Sell,11,元大-天母,9800,0039003800310049,40,330,290,0.84
20260102,38,00982A,主動群益台灣強棒,Sell,12,台新-三民,9B00,0039004200310033,4,256,252,0.73
20260102,38,00982A,主動群益台灣強棒,Sell,13,凱基-斗六,9200,9281,12,250,238,0.69
20260102,38,00982A,主動群益台灣強棒,Sell,14,永全證券,6450,6450,26,258,232,0.67
20260102,38,00982A,主動群益台灣強棒,Sell,15,富邦-台東,9600,9608,6,235,229,0.66
20260102,39,2891,中信金,Buy,1,中國信託,6160,6160,19526,259,19267,51.29
20260102,39,2891,中信金,Buy,2,大和國泰,8890,8890,1500,0,1500,3.99
20260102,39,2891,中信金,Buy,3,元大-三重,9800,0039003800380043,500,1,499,1.33
20260102,39,2891,中信金,Buy,4,凱基,9200,9200,534,41,493,1.31
20260102,39,2891,中信金,Buy,5,元大證券,9800,9800,648,343,305,0.81
20260102,39,2891,中信金,Buy,6,永豐金-匯立,9A00,0039004100380031,239,0,239,0.64
20260102,39,2891,中信金,Buy,7,永豐金-古亭,9A00,0039004100390064,130,4,126,0.34
20260102,39,2891,中信金,Buy,8,法銀巴黎,8900,8900,115,3,112,0.3
20260102,39,2891,中信金,Buy,9,玉山-高雄,8840,8843,95,13,82,0.22
20260102,39,2891,中信金,Buy,10,台新-營業部,9B00,0039004200310037,125,47,78,0.21
20260102,39,2891,中信金,Buy,11,台灣摩根士丹利,1470,1470,1439,1365,74,0.2
20260102,39,2891,中信金,Buy,12,香港上海匯豐,8960,8960,72,0,72,0.19
20260102,39,2891,中信金,Buy,13,富邦-板橋,9600,9655,168,119,49,0.13
20260102,39,2891,中信金,Buy,14,台新-新興,9B00,003900420032006f,40,0,40,0.11
20260102,39,2891,中信金,Buy,15,土銀-玉里,1030,1036,35,0,35,0.09
20260102,39,2891,中信金,Sell,1,永豐金證券,9A00,0039004100300030,434,5033,4599,12.24
20260102,39,2891,中信金,Sell,2,美商高盛,1480,1480,1145,5482,4337,11.55
20260102,39,2891,中信金,Sell,3,群益金鼎,9100,9100,99,3463,3364,8.96
20260102,39,2891,中信金,Sell,4,新加坡商瑞銀,1650,1650,655,2886,2231,5.94
20260102,39,2891,中信金,Sell,5,摩根大通,8440,8440,1216,2549,1333,3.55
20260102,39,2891,中信金,Sell,6,凱基-台北,9200,9268,562,1419,857,2.28
20260102,39,2891,中信金,Sell,7,富邦-台北,9600,9623,22,302,280,0.75
20260102,39,2891,中信金,Sell,8,元大-天母,9800,0039003800310049,3,267,264,0.7
20260102,39,2891,中信金,Sell,9,國泰證券,8880,8880,38,259,221,0.59
20260102,39,2891,中信金,Sell,10,台新-高雄,9B00,0039004200310067,35,239,204,0.54
20260102,39,2891,中信金,Sell,11,統一,5850,5850,7,209,202,0.54
20260102,39,2891,中信金,Sell,12,臺銀-民權,1040,1043,12,208,196,0.52
20260102,39,2891,中信金,Sell,13,花旗環球,1590,1590,0,180,180,0.48
20260102,39,2891,中信金,Sell,14,華南永昌,9300,9300,3,171,168,0.45
20260102,39,2891,中信金,Sell,15,合庫-桃園,1020,0031003000320045,1,152,151,0.4
20260102,40,0050,元大台灣50,Buy,1,元大證券,9800,9800,13091,6170,6921,8.53
20260102,40,0050,元大台灣50,Buy,2,台新-台北,9B00,0039004200320030,3237,78,3159,3.89
20260102,40,0050,元大台灣50,Buy,3,國泰證券,8880,8880,2406,23,2383,2.94
20260102,40,0050,元大台灣50,Buy,4,中國信託,6160,6160,3433,1913,1520,1.87
20260102,40,0050,元大台灣50,Buy,5,花旗環球,1590,1590,1500,0,1500,1.85
20260102,40,0050,元大台灣50,Buy,6,土銀,1030,1030,1207,27,1180,1.45
20260102,40,0050,元大台灣50,Buy,7,統一,5850,5850,1202,103,1099,1.35
20260102,40,0050,元大台灣50,Buy,8,臺銀,1040,1040,755,168,587,0.72
20260102,40,0050,元大台灣50,Buy,9,元大-彰化民生,9800,003900380039004a,334,29,305,0.38
20260102,40,0050,元大台灣50,Buy,10,合庫-台中,1020,1021,344,47,297,0.37
20260102,40,0050,元大台灣50,Buy,11,臺銀-金山,1040,0031003000340044,326,67,259,0.32
20260102,40,0050,元大台灣50,Buy,12,華南永昌,9300,9300,316,62,254,0.31
20260102,40,0050,元大台灣50,Buy,13,台新-營業部,9B00,0039004200310037,860,633,227,0.28
20260102,40,0050,元大台灣50,Buy,14,台新-埔里,9B00,0039004200320059,231,8,223,0.27
20260102,40,0050,元大台灣50,Buy,15,臺銀-高雄,1040,0031003000340043,387,165,222,0.27
20260102,40,0050,元大台灣50,Sell,1,凱基-台北,9200,9268,2496,7980,5484,6.76
20260102,40,0050,元大台灣50,Sell,2,永豐金證券,9A00,0039004100300030,2539,5667,3128,3.86
20260102,40,0050,元大台灣50,Sell,3,法銀巴黎,8900,8900,0,2051,2051,2.53
20260102,40,0050,元大台灣50,Sell,4,富邦證券,9600,9600,1107,2443,1336,1.65
20260102,40,0050,元大台灣50,Sell,5,兆豐證券,7000,7000,10,746,736,0.91
20260102,40,0050,元大台灣50,Sell,6,國泰-敦南,8880,8888,3075,3589,514,0.63
20260102,40,0050,元大台灣50,Sell,7,群益金鼎,9100,9100,135,578,443,0.55
20260102,40,0050,元大台灣50,Sell,8,元大-館前,9800,003900380034004b,47,474,427,0.53
20260102,40,0050,元大台灣50,Sell,9,富邦-三峽,9600,003900360032004a,40,349,309,0.38
20260102,40,0050,元大台灣50,Sell,10,新光,8560,8560,880,1180,300,0.37
20260102,40,0050,元大台灣50,Sell,11,新光-新竹,8560,8563,117,353,236,0.29
20260102,40,0050,元大台灣50,Sell,12,富邦-員林,9600,9672,28,245,217,0.27
20260102,40,0050,元大台灣50,Sell,13,新光-台中,8560,8561,219,427,208,0.26
20260102,40,0050,元大台灣50,Sell,14,元大-內湖,9800,003900380039004e,96,299,203,0.25
20260102,40,0050,元大台灣50,Sell,15,玉山-城中,8840,0038003800340045,78,259,181,0.22
20260102,41,2472,立隆電,Buy,1,港商野村,1560,1560,1227,17,1210,8.33
20260102,41,2472,立隆電,Buy,2,美林,1440,1440,914,218,696,4.79
20260102,41,2472,立隆電,Buy,3,摩根大通,8440,8440,736,117,619,4.26
20260102,41,2472,立隆電,Buy,4,台新-營業部,9B00,0039004200310037,514,62,452,3.11
20260102,41,2472,立隆電,Buy,5,凱基-台北,9200,9268,1254,837,417,2.87
20260102,41,2472,立隆電,Buy,6,新加坡商瑞銀,1650,1650,620,234,386,2.66
20260102,41,2472,立隆電,Buy,7,台灣摩根士丹利,1470,1470,459,127,332,2.29
20260102,41,2472,立隆電,Buy,8,統一,5850,5850,333,61,272,1.87
20260102,41,2472,立隆電,Buy,9,國票-天祥,7790,0037003700390056,251,7,244,1.68
20260102,41,2472,立隆電,Buy,10,富邦證券,9600,9600,412,193,219,1.51
20260102,41,2472,立隆電,Buy,11,元大證券,9800,9800,767,559,208,1.43
20260102,41,2472,立隆電,Buy,12,永豐金證券,9A00,0039004100300030,260,60,200,1.38
20260102,41,2472,立隆電,Buy,13,永豐金-敦北,9A00,0039004100380039,156,22,134,0.92
20260102,41,2472,立隆電,Buy,14,凱基,9200,9200,127,0,127,0.87
20260102,41,2472,立隆電,Buy,15,統一-南京,5850,0035003800350055,186,66,120,0.83
20260102,41,2472,立隆電,Sell,1,華南永昌-淡水,9300,9316,0,147,147,1.01
20260102,41,2472,立隆電,Sell,2,統一-員林,5850,0035003800350049,17,153,136,0.94
20260102,41,2472,立隆電,Sell,3,國泰-敦南,8880,8888,106,221,115,0.79
20260102,41,2472,立隆電,Sell,4,凱基-台南,9200,9211,8,118,110,0.76
20260102,41,2472,立隆電,Sell,5,永豐金-市政,9A00,0039004100390057,18,124,106,0.73
20260102,41,2472,立隆電,Sell,6,中國信託,6160,6160,23,122,99,0.68
20260102,41,2472,立隆電,Sell,7,玉山-士林,8840,0038003800340041,2,81,79,0.54
20260102,41,2472,立隆電,Sell,8,元大-新盛,9800,9869,1,79,78,0.54
20260102,41,2472,立隆電,Sell,9,國票-中正,7790,7797,25,102,77,0.53
20260102,41,2472,立隆電,Sell,10,國泰-高雄,8880,8881,13,88,75,0.52
20260102,41,2472,立隆電,Sell,11,群益金鼎-海山,9100,9108,5,78,73,0.5
20260102,41,2472,立隆電,Sell,12,第一金-嘉義,5380,003500330038004d,4,65,61,0.42
20260102,41,2472,立隆電,Sell,13,新光,8560,8560,34,93,59,0.41
20260102,41,2472,立隆電,Sell,14,凱基-羅東,9200,9258,0,59,59,0.41
20260102,41,2472,立隆電,Sell,15,國泰-台中,8880,8882,36,95,59,0.41
20260102,42,2324,仁寶,Buy,1,美林,1440,1440,3159,78,3081,15.32
20260102,42,2324,仁寶,Buy,2,群益金鼎,9100,9100,1639,37,1602,7.96
20260102,42,2324,仁寶,Buy,3,台新-台北,9B00,0039004200320030,926,22,904,4.49
20260102,42,2324,仁寶,Buy,4,華南永昌-中正,9300,9359,900,9,891,4.43
20260102,42,2324,仁寶,Buy,5,凱基-士林,9200,9238,624,10,614,3.05
20260102,42,2324,仁寶,Buy,6,台灣摩根士丹利,1470,1470,1078,624,454,2.26
20260102,42,2324,仁寶,Buy,7,港商野村,1560,1560,384,44,340,1.69
20260102,42,2324,仁寶,Buy,8,凱基-台北,9200,9268,799,467,332,1.65
20260102,42,2324,仁寶,Buy,9,新加坡商瑞銀,1650,1650,866,536,330,1.64
20260102,42,2324,仁寶,Buy,10,宏遠-高雄,1260,0031003200360051,320,18,302,1.5
20260102,42,2324,仁寶,Buy,11,國泰證券,8880,8880,325,31,294,1.46
20260102,42,2324,仁寶,Buy,12,永豐金-匯立,9A00,0039004100380031,290,0,290,1.44
20260102,42,2324,仁寶,Buy,13,群益金鼎-高盛,9100,9105,248,2,246,1.22
20260102,42,2324,仁寶,Buy,14,法銀巴黎,8900,8900,174,0,174,0.87
20260102,42,2324,仁寶,Buy,15,群益金鼎-松山,9100,9103,106,6,100,0.5
20260102,42,2324,仁寶,Sell,1,美商高盛,1480,1480,993,3757,2764,13.74
20260102,42,2324,仁寶,Sell,2,港商麥格理,1360,1360,0,559,559,2.78
20260102,42,2324,仁寶,Sell,3,元大證券,9800,9800,1203,1745,542,2.69
20260102,42,2324,仁寶,Sell,4,國泰-敦南,8880,8888,83,462,379,1.88
20260102,42,2324,仁寶,Sell,5,群益金鼎-土城,9100,003900310033004e,0,235,235,1.17
20260102,42,2324,仁寶,Sell,6,台新-五權西,9B00,0039004200320035,0,171,171,0.85
20260102,42,2324,仁寶,Sell,7,花旗環球,1590,1590,632,778,146,0.73
20260102,42,2324,仁寶,Sell,8,台新-營業部,9B00,0039004200310037,66,210,144,0.72
20260102,42,2324,仁寶,Sell,9,美好-楊梅,5260,5262,0,140,140,0.7
20260102,42,2324,仁寶,Sell,10,永豐金證券,9A00,0039004100300030,172,311,139,0.69
20260102,42,2324,仁寶,Sell,11,元大-發財,9800,0039003800310045,3,127,124,0.62
20260102,42,2324,仁寶,Sell,12,富邦-苗栗,9600,9657,1,101,100,0.5
20260102,42,2324,仁寶,Sell,13,兆豐-天母,7000,003700300030004c,0,94,94,0.47
20260102,42,2324,仁寶,Sell,14,新光-新竹,8560,8563,31,123,92,0.46
20260102,42,2324,仁寶,Sell,15,玉山-大里,8840,003800380034004a,3,87,84,0.42
20260102,43,00650L,復華香港正2,Buy,1,元大證券,9800,9800,5220,2471,2749,17.51
20260102,43,00650L,復華香港正2,Buy,2,富邦-板橋,9600,9655,1500,8,1492,9.5
20260102,43,00650L,復華香港正2,Buy,3,群益金鼎,9100,9100,1268,60,1208,7.69
20260102,43,00650L,復華香港正2,Buy,4,國票證券,7790,7790,1021,78,943,6.01
20260102,43,00650L,復華香港正2,Buy,5,統一,5850,5850,846,70,776,4.94
20260102,43,00650L,復華香港正2,Buy,6,凱基-台北,9200,9268,1355,831,524,3.34
20260102,43,00650L,復華香港正2,Buy,7,群益金鼎-建成,9100,003900310038004c,380,2,378,2.41
20260102,43,00650L,復華香港正2,Buy,8,永豐金-永康,9A00,0039004100390063,318,0,318,2.03
20260102,43,00650L,復華香港正2,Buy,9,台中銀-豐原,6110,0036003100310041,300,0,300,1.91
20260102,43,00650L,復華香港正2,Buy,10,元大-文心興安,9800,9854,210,60,150,0.96
20260102,43,00650L,復華香港正2,Buy,11,元大-屏東民生,9800,0039003800310068,112,0,112,0.71
20260102,43,00650L,復華香港正2,Buy,12,新光-新竹,8560,8563,151,42,109,0.69
20260102,43,00650L,復華香港正2,Buy,13,統一-東湖,5850,0035003800350052,100,0,100,0.64
20260102,43,00650L,復華香港正2,Buy,14,第一金-路竹,5380,0035003300380050,100,20,80,0.51
20260102,43,00650L,復華香港正2,Buy,15,統一-士林,5850,003500380035004d,80,0,80,0.51
20260102,43,00650L,復華香港正2,Sell,1,陽信-石牌,8710,8711,10,720,710,4.52
20260102,43,00650L,復華香港正2,Sell,2,統一-三重,5850,003500380035004a,5,605,600,3.82
20260102,43,00650L,復華香港正2,Sell,3,永豐金-台中,9A00,003900410039004c,0,580,580,3.69
20260102,43,00650L,復華香港正2,Sell,4,國票-南港,7790,7795,0,510,510,3.25
20260102,43,00650L,復華香港正2,Sell,5,凱基,9200,9200,488,990,502,3.2
20260102,43,00650L,復華香港正2,Sell,6,富邦-青埔,9600,003900360031004e,0,320,320,2.04
20260102,43,00650L,復華香港正2,Sell,7,元大-清水,9800,0039003800300065,0,309,309,1.97
20260102,43,00650L,復華香港正2,Sell,8,兆豐-寶成,7000,0037003000300072,0,249,249,1.59
20260102,43,00650L,復華香港正2,Sell,9,元大-大同,9800,0039003800390047,0,230,230,1.46
20260102,43,00650L,復華香港正2,Sell,10,元大-豐原站前,9800,0039003800390057,0,215,215,1.37
20260102,43,00650L,復華香港正2,Sell,11,群益金鼎-中港,9100,9138,0,200,200,1.27
20260102,43,00650L,復華香港正2,Sell,12,凱基-文心,9200,9297,0,170,170,1.08
20260102,43,00650L,復華香港正2,Sell,13,凱基-士林,9200,9238,0,148,148,0.94
20260102,43,00650L,復華香港正2,Sell,14,永豐金證券,9A00,0039004100300030,44,192,148,0.94
20260102,43,00650L,復華香港正2,Sell,15,元大-華山,9800,0039003800310055,0,145,145,0.92
20260102,44,2330,台積電,Buy,1,富邦證券,9600,9600,5396,850,4546,11.57
20260102,44,2330,台積電,Buy,2,元大證券,9800,9800,2608,266,2342,5.96
20260102,44,2330,台積電,Buy,3,港商麥格理,1360,1360,2770,429,2341,5.96
20260102,44,2330,台積電,Buy,4,台灣摩根士丹利,1470,1470,2593,1088,1505,3.83
20260102,44,2330,台積電,Buy,5,群益金鼎,9100,9100,1853,505,1348,3.43
20260102,44,2330,台積電,Buy,6,凱基-台北,9200,9268,1603,419,1184,3.01
20260102,44,2330,台積電,Buy,7,統一,5850,5850,1466,354,1112,2.83
20260102,44,2330,台積電,Buy,8,中國信託,6160,6160,829,69,760,1.93
20260102,44,2330,台積電,Buy,9,台新-營業部,9B00,0039004200310037,855,156,699,1.78
20260102,44,2330,台積電,Buy,10,國泰證券,8880,8880,684,28,656,1.67
20260102,44,2330,台積電,Buy,11,永豐金證券,9A00,0039004100300030,681,362,319,0.81
20260102,44,2330,台積電,Buy,12,宏遠證券,1260,1260,357,74,283,0.72
20260102,44,2330,台積電,Buy,13,台新-台北,9B00,0039004200320030,258,43,215,0.55
20260102,44,2330,台積電,Buy,14,華南永昌,9300,9300,249,45,204,0.52
20260102,44,2330,台積電,Buy,15,兆豐-新竹,7000,0037003000300056,164,17,147,0.37
20260102,44,2330,台積電,Sell,1,新加坡商瑞銀,1650,1650,833,3211,2378,6.05
20260102,44,2330,台積電,Sell,2,美商高盛,1480,1480,1414,3558,2144,5.45
20260102,44,2330,台積電,Sell,3,花旗環球,1590,1590,113,2088,1975,5.02
20260102,44,2330,台積電,Sell,4,港商野村,1560,1560,347,2248,1901,4.84
20260102,44,2330,台積電,Sell,5,大和國泰,8890,8890,4,1854,1850,4.71
20260102,44,2330,台積電,Sell,6,美林,1440,1440,755,2493,1738,4.42
20260102,44,2330,台積電,Sell,7,兆豐-公益,7000,003700300030004a,1,351,350,0.89
20260102,44,2330,台積電,Sell,8,凱基-雙和,9200,0039003200300043,2,329,327,0.83
20260102,44,2330,台積電,Sell,9,凱基,9200,9200,180,448,268,0.68
20260102,44,2330,台積電,Sell,10,摩根大通,8440,8440,1312,1498,186,0.47
20260102,44,2330,台積電,Sell,11,國泰-敦南,8880,8888,185,299,114,0.29
20260102,44,2330,台積電,Sell,12,元大-新盛,9800,9869,6,110,104,0.26
20260102,44,2330,台積電,Sell,13,華南永昌-中正,9300,9359,217,310,93,0.24
20260102,44,2330,台積電,Sell,14,群益金鼎-瑞豐,9100,0039003100380075,1,77,76,0.19
20260102,44,2330,台積電,Sell,15,統一-新台中,5850,0035003800350044,91,165,74,0.19
20260102,45,2382,廣達,Buy,1,新加坡商瑞銀,1650,1650,3714,897,2817,12.1
20260102,45,2382,廣達,Buy,2,美林,1440,1440,2214,348,1866,8.01
20260102,45,2382,廣達,Buy,3,美商高盛,1480,1480,3255,1512,1743,7.49
20260102,45,2382,廣達,Buy,4,台灣摩根士丹利,1470,1470,872,329,543,2.33
20260102,45,2382,廣達,Buy,5,兆豐證券,7000,7000,504,1,503,2.16
20260102,45,2382,廣達,Buy,6,凱基,9200,9200,427,12,415,1.78
20260102,45,2382,廣達,Buy,7,港商野村,1560,1560,383,0,383,1.64
20260102,45,2382,廣達,Buy,8,元大證券,9800,9800,921,668,253,1.09
20260102,45,2382,廣達,Buy,9,台新-台北,9B00,0039004200320030,283,48,235,1.01
20260102,45,2382,廣達,Buy,10,統一,5850,5850,253,17,236,1.01
20260102,45,2382,廣達,Buy,11,永豐金證券,9A00,0039004100300030,330,122,208,0.89
20260102,45,2382,廣達,Buy,12,國票-安和,7790,003700370039005a,184,14,170,0.73
20260102,45,2382,廣達,Buy,13,國泰證券,8880,8880,143,7,136,0.58
20260102,45,2382,廣達,Buy,14,港商麥格理,1360,1360,132,4,128,0.55
20260102,45,2382,廣達,Buy,15,康和-台中,8450,8455,123,9,114,0.49
20260102,45,2382,廣達,Sell,1,永全-南崁,6450,6451,9,1705,1696,7.28
20260102,45,2382,廣達,Sell,2,摩根大通,8440,8440,335,1466,1131,4.86
20260102,45,2382,廣達,Sell,3,凱基-台北,9200,9268,648,1427,779,3.35
20260102,45,2382,廣達,Sell,4,花旗環球,1590,1590,18,630,612,2.63
20260102,45,2382,廣達,Sell,5,群益金鼎-古亭,9100,0039003100380043,21,401,380,1.63
20260102,45,2382,廣達,Sell,6,兆豐-南門,7000,0037003000300067,0,348,348,1.49
20260102,45,2382,廣達,Sell,7,元大-信義,9800,003900380039006d,2,174,172,0.74
20260102,45,2382,廣達,Sell,8,元大-文心興安,9800,9854,2,147,145,0.62
20260102,45,2382,廣達,Sell,9,富邦-台北,9600,9623,24,138,114,0.49
20260102,45,2382,廣達,Sell,10,群益金鼎-東大,9100,9135,7,119,112,0.48
20260102,45,2382,廣達,Sell,11,富邦-建國,9600,9658,23,129,106,0.46
20260102,45,2382,廣達,Sell,12,凱基-士林,9200,9238,102,205,103,0.44
20260102,45,2382,廣達,Sell,13,統一-桃園,5850,0035003800350048,1,93,92,0.4
20260102,45,2382,廣達,Sell,14,元大-松江,9800,9801,7,90,83,0.36
20260102,45,2382,廣達,Sell,15,元大-忠孝,9800,9871,18,86,68,0.29
20260102,46,8028,昇陽半導體,Buy,1,台灣摩根士丹利,1470,1470,1288,218,1070,5
20260102,46,8028,昇陽半導體,Buy,2,統一,5850,5850,735,90,645,3.02
20260102,46,8028,昇陽半導體,Buy,3,富邦證券,9600,9600,466,136,330,1.54
20260102,46,8028,昇陽半導體,Buy,4,凱基-台北,9200,9268,2106,1789,317,1.48
20260102,46,8028,昇陽半導體,Buy,5,華南永昌,9300,9300,409,109,300,1.4
20260102,46,8028,昇陽半導體,Buy,6,美林,1440,1440,355,55,300,1.4
20260102,46,8028,昇陽半導體,Buy,7,新加坡商瑞銀,1650,1650,976,697,279,1.3
20260102,46,8028,昇陽半導體,Buy,8,香港上海匯豐,8960,8960,250,0,250,1.17
20260102,46,8028,昇陽半導體,Buy,9,福邦證券,6480,6480,250,3,247,1.15
20260102,46,8028,昇陽半導體,Buy,10,土銀,1030,1030,167,11,156,0.73
20260102,46,8028,昇陽半導體,Buy,11,福勝,6950,6950,159,20,139,0.65
20260102,46,8028,昇陽半導體,Buy,12,美商高盛,1480,1480,135,0,135,0.63
20260102,46,8028,昇陽半導體,Buy,13,摩根大通,8440,8440,264,153,111,0.52
20260102,46,8028,昇陽半導體,Buy,14,富邦-台北,9600,9623,147,48,99,0.46
20260102,46,8028,昇陽半導體,Buy,15,永豐金-埔里,9A00,0039004100370039,108,14,94,0.44
20260102,46,8028,昇陽半導體,Sell,1,國票-天祥,7790,0037003700390056,7,168,161,0.75
20260102,46,8028,昇陽半導體,Sell,2,富邦-建國,9600,9658,20,179,159,0.74
20260102,46,8028,昇陽半導體,Sell,3,國泰-板橋,8880,003800380038004b,76,158,82,0.38
20260102,46,8028,昇陽半導體,Sell,4,台新-林園,9B00,0039004200320037,5,75,70,0.33
20260102,46,8028,昇陽半導體,Sell,5,兆豐-桃鶯,7000,0037003000300055,1,67,66,0.31
20260102,46,8028,昇陽半導體,Sell,6,安泰,8380,8380,1,62,61,0.29
20260102,46,8028,昇陽半導體,Sell,7,港商野村,1560,1560,55,115,60,0.28
20260102,46,8028,昇陽半導體,Sell,8,玉山-桃園,8840,0038003800340046,56,114,58,0.27
20260102,46,8028,昇陽半導體,Sell,9,彰銀-台中,1230,1233,1,55,54,0.25
20260102,46,8028,昇陽半導體,Sell,10,富邦-陽明,9600,9604,42,91,49,0.23
20260102,46,8028,昇陽半導體,Sell,11,富邦-新店,9600,9661,23,70,47,0.22
20260102,46,8028,昇陽半導體,Sell,12,國泰-高雄,8880,8881,62,107,45,0.21
20260102,46,8028,昇陽半導體,Sell,13,永豐金-中壢,9A00,0039004100390039,13,55,42,0.2
20260102,46,8028,昇陽半導體,Sell,14,國泰-松江,8880,8883,4,45,41,0.19
20260102,46,8028,昇陽半導體,Sell,15,玉山-左營,8840,0038003800340044,13,52,39,0.18
20260102,47,00891,中信關鍵半導體,Buy,1,統一,5850,5850,2311,25,2286,16
20260102,47,00891,中信關鍵半導體,Buy,2,國泰證券,8880,8880,2227,0,2227,15.59
20260102,47,00891,中信關鍵半導體,Buy,3,富邦證券,9600,9600,1454,24,1430,10.01
20260102,47,00891,中信關鍵半導體,Buy,4,富邦-南員林,9600,0039003600310052,796,0,796,5.57
20260102,47,00891,中信關鍵半導體,Buy,5,統一-桃園,5850,0035003800350048,210,4,206,1.44
20260102,47,00891,中信關鍵半導體,Buy,6,中國信託-高雄,6160,003600310036004b,182,39,143,1
20260102,47,00891,中信關鍵半導體,Buy,7,凱基-台北,9200,9268,725,588,137,0.96
20260102,47,00891,中信關鍵半導體,Buy,8,台中銀,6110,6110,134,0,134,0.94
20260102,47,00891,中信關鍵半導體,Buy,9,國泰-館前,8880,0038003800380041,197,77,120,0.84
20260102,47,00891,中信關鍵半導體,Buy,10,元大-林森,9800,0039003800330042,100,1,99,0.69
20260102,47,00891,中信關鍵半導體,Buy,11,致和證券,7030,7030,70,0,70,0.49
20260102,47,00891,中信關鍵半導體,Buy,12,新光,8560,8560,132,66,66,0.46
20260102,47,00891,中信關鍵半導體,Buy,13,元大-樹林,9800,003900380039006a,68,5,63,0.44
20260102,47,00891,中信關鍵半導體,Buy,14,統一-台中,5850,5856,58,1,57,0.4
20260102,47,00891,中信關鍵半導體,Buy,15,台新-信義,9B00,0039004200320048,50,0,50,0.35
20260102,47,00891,中信關鍵半導體,Sell,1,元大證券,9800,9800,2529,4433,1904,13.33
20260102,47,00891,中信關鍵半導體,Sell,2,華南永昌-麻豆,9300,9308,0,750,750,5.25
20260102,47,00891,中信關鍵半導體,Sell,3,元大-台北,9800,0039003800300068,2,454,452,3.16
20260102,47,00891,中信關鍵半導體,Sell,4,國泰-敦南,8880,8888,120,377,257,1.8
20260102,47,00891,中信關鍵半導體,Sell,5,元大-新店中正,9800,0039003800340043,3,247,244,1.71
20260102,47,00891,中信關鍵半導體,Sell,6,華南永昌-台南,9300,9306,4,171,167,1.17
20260102,47,00891,中信關鍵半導體,Sell,7,群益金鼎-東門,9100,0039003100380044,0,166,166,1.16
20260102,47,00891,中信關鍵半導體,Sell,8,玉山-新竹,8840,0038003800340048,1,148,147,1.03
20260102,47,00891,中信關鍵半導體,Sell,9,國泰-板橋,8880,003800380038004b,22,134,112,0.78
20260102,47,00891,中信關鍵半導體,Sell,10,國泰-高雄,8880,8881,9,90,81,0.57
20260102,47,00891,中信關鍵半導體,Sell,11,國泰-桃園,8880,8885,29,97,68,0.48
20260102,47,00891,中信關鍵半導體,Sell,12,凱基-和平,9200,9255,0,62,62,0.43
20260102,47,00891,中信關鍵半導體,Sell,13,元大-鳳中,9800,0039003800350043,0,60,60,0.42
20260102,47,00891,中信關鍵半導體,Sell,14,台新-世貿,9B00,0039004200320075,0,59,59,0.41
20260102,47,00891,中信關鍵半導體,Sell,15,華南永昌-豐原,9300,9366,0,58,58,0.41
20260102,48,00936,台新永續高息中小,Buy,1,元大證券,9800,9800,3445,75,3370,64.73
20260102,48,00936,台新永續高息中小,Buy,2,凱基-台北,9200,9268,846,10,836,16.06
20260102,48,00936,台新永續高息中小,Buy,3,中國信託,6160,6160,510,17,493,9.47
20260102,48,00936,台新永續高息中小,Buy,4,富邦證券,9600,9600,255,36,219,4.21
20260102,48,00936,台新永續高息中小,Buy,5,元大-上新莊,9800,0039003800330047,9,1,8,0.15
20260102,48,00936,台新永續高息中小,Buy,6,玉山證券,8840,8840,7,3,4,0.08
20260102,48,00936,台新永續高息中小,Buy,7,元大-土城,9800,9897,4,0,4,0.08
20260102,48,00936,台新永續高息中小,Buy,8,凱基-長庚,9200,9233,3,0,3,0.06
20260102,48,00936,台新永續高息中小,Buy,9,永豐金-古亭,9A00,0039004100390064,3,0,3,0.06
20260102,48,00936,台新永續高息中小,Buy,10,國泰證券,8880,8880,2,0,2,0.04
20260102,48,00936,台新永續高息中小,Buy,11,大昌-樹林,6460,6461,2,0,2,0.04
20260102,48,00936,台新永續高息中小,Buy,12,群益金鼎-瑞豐,9100,0039003100380075,4,2,2,0.04
20260102,48,00936,台新永續高息中小,Buy,13,富邦-南員林,9600,0039003600310052,2,0,2,0.04
20260102,48,00936,台新永續高息中小,Buy,14,康和-板橋,8450,0038003400350044,2,1,1,0.02
20260102,48,00936,台新永續高息中小,Buy,15,中國信託-松江,6160,6167,1,0,1,0.02
20260102,48,00936,台新永續高息中小,Sell,1,國泰-敦南,8880,8888,21,262,241,4.63
20260102,48,00936,台新永續高息中小,Sell,2,台新-新營,9B00,0039004200310031,0,208,208,4
20260102,48,00936,台新永續高息中小,Sell,3,永豐金證券,9A00,0039004100300030,2,129,127,2.44
20260102,48,00936,台新永續高息中小,Sell,4,元大-四維,9800,9831,0,120,120,2.31
20260102,48,00936,台新永續高息中小,Sell,5,群益金鼎-鳳山,9100,0039003100380063,0,120,120,2.31
20260102,48,00936,台新永續高息中小,Sell,6,國泰-板橋,8880,003800380038004b,0,111,111,2.13
20260102,48,00936,台新永續高息中小,Sell,7,元大-沙鹿,9800,0039003800300064,4,109,105,2.02
20260102,48,00936,台新永續高息中小,Sell,8,國泰-高雄,8880,8881,0,101,101,1.94
20260102,48,00936,台新永續高息中小,Sell,9,台新-高雄,9B00,0039004200310067,0,97,97,1.86
20260102,48,00936,台新永續高息中小,Sell,10,元大-樹林,9800,003900380039006a,0,81,81,1.56
20260102,48,00936,台新永續高息中小,Sell,11,華南永昌-內壢,9300,9337,0,77,77,1.48
20260102,48,00936,台新永續高息中小,Sell,12,元大-南屯,9800,9853,0,75,75,1.44
20260102,48,00936,台新永續高息中小,Sell,13,台新-營業部,9B00,0039004200310037,2,76,74,1.42
20260102,48,00936,台新永續高息中小,Sell,14,富邦-台北,9600,9623,9,83,74,1.42
20260102,48,00936,台新永續高息中小,Sell,15,富邦-桃園,9600,9665,0,67,67,1.29
20260102,49,2369,菱生,Buy,1,美林,1440,1440,928,67,861,7.5
20260102,49,2369,菱生,Buy,2,台灣摩根士丹利,1470,1470,874,23,851,7.42
20260102,49,2369,菱生,Buy,3,摩根大通,8440,8440,850,13,837,7.29
20260102,49,2369,菱生,Buy,4,美商高盛,1480,1480,1082,339,743,6.47
20260102,49,2369,菱生,Buy,5,新加坡商瑞銀,1650,1650,671,298,373,3.25
20260102,49,2369,菱生,Buy,6,港商野村,1560,1560,140,37,103,0.9
20260102,49,2369,菱生,Buy,7,國票-長城,7790,0037003700390075,102,3,99,0.86
20260102,49,2369,菱生,Buy,8,凱基-中山,9200,9229,91,3,88,0.77
20260102,49,2369,菱生,Buy,9,國票-九鼎,7790,0037003700390050,81,13,68,0.59
20260102,49,2369,菱生,Buy,10,凱基-中壢,9200,9285,54,4,50,0.44
20260102,49,2369,菱生,Buy,11,國票-安和,7790,003700370039005a,52,3,49,0.43
20260102,49,2369,菱生,Buy,12,凱基-三重,9200,9205,54,6,48,0.42
20260102,49,2369,菱生,Buy,13,群益金鼎,9100,9100,134,89,45,0.39
20260102,49,2369,菱生,Buy,14,國泰-高雄,8880,8881,56,16,40,0.35
20260102,49,2369,菱生,Buy,15,新光-台南,8560,8564,54,15,39,0.34
20260102,49,2369,菱生,Sell,1,元大證券,9800,9800,614,840,226,1.97
20260102,49,2369,菱生,Sell,2,富邦-中壢,9600,9636,3,220,217,1.89
20260102,49,2369,菱生,Sell,3,致和-東門,7030,7035,0,150,150,1.31
20260102,49,2369,菱生,Sell,4,宏遠-高雄,1260,0031003200360051,1,110,109,0.95
20260102,49,2369,菱生,Sell,5,兆豐-大同,7000,0037003000300053,1,100,99,0.86
20260102,49,2369,菱生,Sell,6,國泰-敦南,8880,8888,180,272,92,0.8
20260102,49,2369,菱生,Sell,7,新光-台中,8560,8561,24,92,68,0.59
20260102,49,2369,菱生,Sell,8,富邦-三重,9600,9677,21,82,61,0.53
20260102,49,2369,菱生,Sell,9,富邦-南屯,9600,9666,0,60,60,0.52
20260102,49,2369,菱生,Sell,10,元大-花蓮,9800,9856,6,65,59,0.51
20260102,49,2369,菱生,Sell,11,凱基-站前,9200,0039003200300046,43,100,57,0.5
20260102,49,2369,菱生,Sell,12,元大-新竹經國,9800,9859,0,55,55,0.48
20260102,49,2369,菱生,Sell,13,華南永昌-潮州,9300,9328,2,57,55,0.48
20260102,49,2369,菱生,Sell,14,台新-彰化,9B00,003900420032004d,1,53,52,0.45
20260102,49,2369,菱生,Sell,15,台新-大昌,9B00,0039004200320044,6,58,52,0.45
20260102,50,6155,鈞寶,Buy,1,華南永昌-小港,9300,9323,1206,0,1206,11.05
20260102,50,6155,鈞寶,Buy,2,富邦證券,9600,9600,1598,803,795,7.28
20260102,50,6155,鈞寶,Buy,3,富邦-嘉義,9600,9692,723,112,611,5.6
20260102,50,6155,鈞寶,Buy,4,永豐金-敦北,9A00,0039004100380039,601,101,500,4.58
20260102,50,6155,鈞寶,Buy,5,港商野村,1560,1560,450,0,450,4.12
20260102,50,6155,鈞寶,Buy,6,元大-竹科,9800,003900380030004b,338,13,325,2.98
20260102,50,6155,鈞寶,Buy,7,凱基-信義,9200,9216,182,14,168,1.54
20260102,50,6155,鈞寶,Buy,8,凱基-台北,9200,9268,468,302,166,1.52
20260102,50,6155,鈞寶,Buy,9,台新-信義,9B00,0039004200320048,159,2,157,1.44
20260102,50,6155,鈞寶,Buy,10,凱基-站前,9200,0039003200300046,186,54,132,1.21
20260102,50,6155,鈞寶,Buy,11,群益金鼎-內湖,9100,0039003100380064,130,4,126,1.15
20260102,50,6155,鈞寶,Buy,12,富邦-北港,9600,0039003600390043,260,152,108,0.99
20260102,50,6155,鈞寶,Buy,13,統一-南京,5850,0035003800350055,79,0,79,0.72
20260102,50,6155,鈞寶,Buy,14,元大-館前,9800,003900380034004b,84,5,79,0.72
20260102,50,6155,鈞寶,Buy,15,美商高盛,1480,1480,212,135,77,0.71
20260102,50,6155,鈞寶,Sell,1,元大-楊梅,9800,0039003800370041,2,239,237,2.17
20260102,50,6155,鈞寶,Sell,2,宏遠-館前,1260,0031003200360055,0,203,203,1.86
20260102,50,6155,鈞寶,Sell,3,凱基-宜蘭,9200,003900320030004d,4,205,201,1.84
20260102,50,6155,鈞寶,Sell,4,新光,8560,8560,7,194,187,1.71
20260102,50,6155,鈞寶,Sell,5,國泰-敦南,8880,8888,106,266,160,1.47
20260102,50,6155,鈞寶,Sell,6,台新-九如,9B00,0039004200320031,0,132,132,1.21
20260102,50,6155,鈞寶,Sell,7,元大-沙鹿,9800,0039003800300064,4,97,93,0.85
20260102,50,6155,鈞寶,Sell,8,統一-板橋,5850,0035003800350050,2,93,91,0.83
20260102,50,6155,鈞寶,Sell,9,臺銀-臺中,1040,0031003000340041,2,86,84,0.77
20260102,50,6155,鈞寶,Sell,10,永豐金證券,9A00,0039004100300030,39,106,67,0.61
20260102,50,6155,鈞寶,Sell,11,凱基-桃園,9200,9208,1,64,63,0.58
20260102,50,6155,鈞寶,Sell,12,國泰-台中,8880,8882,6,65,59,0.54
20260102,50,6155,鈞寶,Sell,13,凱基-和平,9200,9255,1,56,55,0.5
20260102,50,6155,鈞寶,Sell,14,兆豐-南京,7000,0037003000300050,0,51,51,0.47
20260102,50,6155,鈞寶,Sell,15,元大-北投,9800,0039003800390041,1,51,50,0.46
